H,T,S0,K,m,sigma,price_iter,accuracy,price,price_adj,best_beta,H_log,error_percent,Product
,,,,,,,accuracy,,,0.0,,,
85.0,0.2,100.0,100.0,50.0,0.2,4.608699,0.00062,4.609348,4.609511,0.0,0.162519,0.017616,0.012649
85.0,0.2,100.0,100.0,50.0,0.3,6.320766,0.00091,6.307575,6.322282,0.508001,0.162519,0.023985,0.018974
85.0,0.2,100.0,100.0,50.0,0.4,7.922968,0.00123,7.830215,7.921434,0.594889,0.162519,0.019356,0.025298
85.0,0.2,100.0,100.0,50.0,0.5,9.316956,0.00156,9.071516,9.316131,0.584901,0.162519,0.008852,0.031623
85.0,0.6,100.0,100.0,50.0,0.2,9.27635,0.00118,9.230653,9.275679,0.593889,0.162519,0.007236,0.021909
85.0,0.6,100.0,100.0,50.0,0.3,11.514106,0.00175,11.198182,11.51366,0.583889,0.162519,0.003872,0.032863
85.0,0.6,100.0,100.0,50.0,0.4,13.197479,0.00235,12.432995,13.195503,0.584001,0.162519,0.014975,0.043818
85.0,0.6,100.0,100.0,50.0,0.5,14.497707,0.00297,13.204605,14.491997,0.585889,0.162519,0.039383,0.054772
85.0,1.0,100.0,100.0,50.0,0.2,12.912694,0.00162,12.720521,12.909388,0.595001,0.162519,0.025601,0.028284
85.0,1.0,100.0,100.0,50.0,0.3,14.903933,0.0024,14.143131,14.907461,0.579001,0.162519,0.023669,0.042426
85.0,1.0,100.0,100.0,50.0,0.4,16.305798,0.0032,14.813006,16.300694,0.584889,0.162519,0.031302,0.056569
85.0,1.0,100.0,100.0,50.0,0.5,17.384198,0.00405,15.141059,17.385701,0.582001,0.162519,0.008645,0.070711
85.0,1.4,100.0,100.0,50.0,0.2,16.009208,0.00201,15.612939,16.008234,0.584001,0.162519,0.006084,0.033466
85.0,1.4,100.0,100.0,50.0,0.3,17.562821,0.00296,16.320686,17.563646,0.582001,0.162519,0.004698,0.0502
85.0,1.4,100.0,100.0,50.0,0.4,18.634449,0.00394,16.45968,18.637814,0.581889,0.162519,0.018057,0.066933
85.0,1.4,100.0,100.0,50.0,0.5,19.518457,0.005,16.422772,19.528241,0.580889,0.162519,0.050128,0.083666
85.0,1.8,100.0,100.0,50.0,0.2,18.763224,0.00237,18.125002,18.762365,0.583889,0.162519,0.004581,0.037947
85.0,1.8,100.0,100.0,50.0,0.3,19.803628,0.00347,18.081719,19.806733,0.581001,0.162519,0.015677,0.056921
85.0,1.8,100.0,100.0,50.0,0.4,20.565364,0.00462,17.735003,20.566903,0.582001,0.162519,0.007483,0.075895
85.0,1.8,100.0,100.0,50.0,0.5,21.274474,0.0059,17.38513,21.279063,0.581889,0.162519,0.021569,0.094868
85.0,2.2,100.0,100.0,50.0,0.2,21.27195,0.0027,20.368743,21.269706,0.584001,0.162519,0.010547,0.041952
85.0,2.2,100.0,100.0,50.0,0.3,21.776197,0.00394,19.576106,21.778715,0.581889,0.162519,0.011563,0.062929
85.0,2.2,100.0,100.0,50.0,0.4,22.217879,0.00526,18.782143,22.235545,0.579001,0.162519,0.079514,0.083905
85.0,2.2,100.0,100.0,50.0,0.5,22.759836,0.00676,18.155817,22.781878,0.579001,0.162519,0.096845,0.104881
85.0,2.6,100.0,100.0,50.0,0.2,23.586049,0.00301,22.409193,23.587402,0.581889,0.162519,0.005739,0.045607
85.0,2.6,100.0,100.0,50.0,0.3,23.559785,0.00439,20.881908,23.554825,0.583889,0.162519,0.021051,0.068411
85.0,2.6,100.0,100.0,50.0,0.4,23.704674,0.00587,19.67265,23.719483,0.580001,0.162519,0.062472,0.091214
85.0,2.6,100.0,100.0,50.0,0.5,24.084312,0.00761,18.797333,24.10975,0.579001,0.162519,0.105622,0.114018
85.0,3.0,100.0,100.0,50.0,0.2,25.756368,0.0033,24.287525,25.751815,0.584889,0.162519,0.017679,0.04899
85.0,3.0,100.0,100.0,50.0,0.3,25.172696,0.00481,22.045235,25.180078,0.581001,0.162519,0.029326,0.073485
85.0,3.0,100.0,100.0,50.0,0.4,25.044258,0.00647,20.447692,25.063236,0.579891,0.162519,0.075777,0.09798
85.0,3.0,100.0,100.0,50.0,0.5,25.28392,0.00846,19.345142,25.305471,0.580001,0.162519,0.085237,0.122474
85.0,3.4,100.0,100.0,50.0,0.2,27.783099,0.00358,26.031605,27.787648,0.580889,0.162519,0.016372,0.052154
85.0,3.4,100.0,100.0,50.0,0.3,26.678547,0.00522,23.095811,26.683785,0.581889,0.162519,0.019635,0.07823
85.0,3.4,100.0,100.0,50.0,0.4,26.272963,0.00705,21.133309,26.295483,0.579889,0.162519,0.085714,0.104307
85.0,3.4,100.0,100.0,50.0,0.5,26.39024,0.00931,19.821437,26.396573,0.581989,0.162519,0.023996,0.130384
85.0,3.8,100.0,100.0,50.0,0.2,29.706346,0.00385,27.66131,29.712577,0.580889,0.162519,0.020974,0.055136
85.0,3.8,100.0,100.0,50.0,0.3,28.076512,0.00562,24.054067,28.086266,0.580989,0.162519,0.034742,0.082704
85.0,3.8,100.0,100.0,50.0,0.4,27.423484,0.00763,21.747138,27.435961,0.581001,0.162519,0.045499,0.110272
85.0,3.8,100.0,100.0,50.0,0.5,27.437441,0.01018,20.241116,27.402002,0.585889,0.162519,0.129165,0.13784
85.0,4.2,100.0,100.0,50.0,0.2,31.541155,0.00411,29.191432,31.539788,0.583001,0.162519,0.004335,0.057966
85.0,4.2,100.0,100.0,50.0,0.3,29.387318,0.006,24.934757,29.402302,0.580001,0.162519,0.050987,0.086948
85.0,4.2,100.0,100.0,50.0,0.4,28.478816,0.00819,22.301755,28.498955,0.580001,0.162519,0.070714,0.115931
85.0,4.2,100.0,100.0,50.0,0.5,28.378061,0.01106,20.614717,28.33547,0.586001,0.162519,0.150084,0.144914
85.0,4.6,100.0,100.0,50.0,0.2,33.269405,0.00436,30.63337,33.279466,0.579989,0.162519,0.03024,0.060663
85.0,4.6,100.0,100.0,50.0,0.3,30.62877,0.00638,25.748957,30.643063,0.580889,0.162519,0.046664,0.090995
85.0,4.6,100.0,100.0,50.0,0.4,29.49207,0.00876,22.806494,29.495211,0.582001,0.162519,0.010651,0.121326
85.0,4.6,100.0,100.0,50.0,0.5,29.259393,0.01197,20.950001,29.2073,0.586889,0.162519,0.17804,0.151658
85.0,5.0,100.0,100.0,50.0,0.2,34.927017,0.0046,31.996167,34.939713,0.579889,0.162519,0.036349,0.063246
85.0,5.0,100.0,100.0,50.0,0.3,31.801497,0.00675,26.505247,31.817261,0.580889,0.162519,0.049569,0.094868
85.0,5.0,100.0,100.0,50.0,0.4,30.42171,0.00933,23.268512,30.43308,0.581889,0.162519,0.037375,0.126491
85.0,5.0,100.0,100.0,50.0,0.5,30.072852,0.01288,21.252875,30.025505,0.586001,0.162519,0.157442,0.158114
86.0,0.2,100.0,100.0,50.0,0.2,4.609165,0.00062,4.608744,4.60919,0.538889,0.150823,0.000539,0.012649
86.0,0.2,100.0,100.0,50.0,0.3,6.30607,0.00091,6.282648,6.306492,0.569889,0.150823,0.006692,0.018974
86.0,0.2,100.0,100.0,50.0,0.4,7.850622,0.00123,7.729518,7.851975,0.574889,0.150823,0.01723,0.025298
86.0,0.2,100.0,100.0,50.0,0.5,9.167809,0.00155,8.870279,9.170255,0.577001,0.150823,0.026677,0.031623
86.0,0.6,100.0,100.0,50.0,0.2,9.234173,0.00118,9.168997,9.235203,0.571001,0.150823,0.011156,0.021909
86.0,0.6,100.0,100.0,50.0,0.3,11.330399,0.00175,10.949026,11.333427,0.577001,0.150823,0.026721,0.032863
86.0,0.6,100.0,100.0,50.0,0.4,12.871611,0.00234,12.00721,12.87268,0.581889,0.150823,0.008306,0.043818
86.0,0.6,100.0,100.0,50.0,0.5,14.058672,0.00295,12.647164,14.057613,0.583001,0.150823,0.007535,0.054772
86.0,1.0,100.0,100.0,50.0,0.2,12.784026,0.00162,12.537973,12.782736,0.586001,0.150823,0.010092,0.028284
86.0,1.0,100.0,100.0,50.0,0.3,14.575344,0.00239,13.697033,14.573799,0.583889,0.150823,0.010601,0.042426
86.0,1.0,100.0,100.0,50.0,0.4,15.820418,0.00318,14.18843,15.816063,0.584001,0.150823,0.027528,0.056569
86.0,1.0,100.0,100.0,50.0,0.5,16.793955,0.00401,14.403908,16.801368,0.580889,0.150823,0.044138,0.070711
86.0,1.4,100.0,100.0,50.0,0.2,15.78866,0.00201,15.302726,15.787695,0.583989,0.150823,0.006111,0.033466
86.0,1.4,100.0,100.0,50.0,0.3,17.105194,0.00295,15.720069,17.107942,0.581001,0.150823,0.016064,0.0502
86.0,1.4,100.0,100.0,50.0,0.4,18.032092,0.00391,15.696847,18.040241,0.580001,0.150823,0.045192,0.066933
86.0,1.4,100.0,100.0,50.0,0.5,18.830876,0.00495,15.568628,18.846695,0.579001,0.150823,0.084004,0.083666
86.0,1.8,100.0,100.0,50.0,0.2,18.449936,0.00237,17.693408,18.451674,0.581001,0.150823,0.009421,0.037947
86.0,1.8,100.0,100.0,50.0,0.3,19.248798,0.00345,17.3548,19.251307,0.581889,0.150823,0.013035,0.056921
86.0,1.8,100.0,100.0,50.0,0.4,19.887026,0.00458,16.866426,19.883524,0.583001,0.150823,0.01761,0.075895
86.0,1.8,100.0,100.0,50.0,0.5,20.515671,0.00583,16.445015,20.526976,0.580889,0.150823,0.055106,0.094868
86.0,2.2,100.0,100.0,50.0,0.2,20.877258,0.0027,19.824174,20.875088,0.584001,0.150823,0.010394,0.041952
86.0,2.2,100.0,100.0,50.0,0.3,21.143412,0.00392,18.74221,21.13934,0.583889,0.150823,0.01926,0.062929
86.0,2.2,100.0,100.0,50.0,0.4,21.467084,0.00521,17.827987,21.483471,0.579889,0.150823,0.076336,0.083905
86.0,2.2,100.0,100.0,50.0,0.5,21.971905,0.00669,17.148167,21.975271,0.582001,0.150823,0.01532,0.104881
86.0,2.6,100.0,100.0,50.0,0.2,23.11736,0.00301,21.759719,23.115224,0.583889,0.150823,0.009238,0.045607
86.0,2.6,100.0,100.0,50.0,0.3,22.83674,0.00436,19.955048,22.843146,0.581001,0.150823,0.028053,0.068411
86.0,2.6,100.0,100.0,50.0,0.4,22.895285,0.00581,18.64668,22.910503,0.580001,0.150823,0.066466,0.091214
86.0,2.6,100.0,100.0,50.0,0.5,23.256509,0.00753,17.734379,23.259308,0.582001,0.150823,0.012035,0.114018
86.0,3.0,100.0,100.0,50.0,0.2,25.206653,0.0033,23.540388,25.207987,0.582001,0.150823,0.005293,0.04899
86.0,3.0,100.0,100.0,50.0,0.3,24.39187,0.00478,21.036076,24.40506,0.579991,0.150823,0.054077,0.073485
86.0,3.0,100.0,100.0,50.0,0.4,24.191877,0.0064,19.359947,24.205993,0.580889,0.150823,0.058352,0.09798
86.0,3.0,100.0,100.0,50.0,0.5,24.41491,0.00836,18.235608,24.418835,0.582001,0.150823,0.016077,0.122474
86.0,3.4,100.0,100.0,50.0,0.2,27.173369,0.00358,25.193216,27.17751,0.581001,0.150823,0.015238,0.052154
86.0,3.4,100.0,100.0,50.0,0.3,25.841524,0.00519,22.012787,25.852571,0.580889,0.150823,0.04275,0.07823
86.0,3.4,100.0,100.0,50.0,0.4,25.377484,0.00697,19.991467,25.396609,0.580001,0.150823,0.075364,0.104307
86.0,3.4,100.0,100.0,50.0,0.5,25.490164,0.0092,18.671873,25.479487,0.583889,0.150823,0.041888,0.130384
86.0,3.8,100.0,100.0,50.0,0.2,29.039015,0.00385,26.737352,29.040923,0.582001,0.150823,0.00657,0.055136
86.0,3.8,100.0,100.0,50.0,0.3,27.196997,0.00558,22.904056,27.204704,0.581001,0.150823,0.028338,0.082704
86.0,3.8,100.0,100.0,50.0,0.4,26.486221,0.00754,20.557285,26.500721,0.580991,0.150823,0.054747,0.110272
86.0,3.8,100.0,100.0,50.0,0.5,26.500162,0.01006,19.056632,26.458943,0.586001,0.150823,0.155542,0.13784
86.0,4.2,100.0,100.0,50.0,0.2,30.803251,0.00411,28.186976,30.810932,0.580889,0.150823,0.024935,0.057966
86.0,4.2,100.0,100.0,50.0,0.3,28.459449,0.00596,23.723499,28.475287,0.580001,0.150823,0.055651,0.086948
86.0,4.2,100.0,100.0,50.0,0.4,27.536348,0.00811,21.068853,27.531639,0.583001,0.150823,0.017101,0.115931
86.0,4.2,100.0,100.0,50.0,0.5,27.41084,0.01091,19.399413,27.37003,0.585989,0.150823,0.148883,0.144914
86.0,4.6,100.0,100.0,50.0,0.2,32.494301,0.00436,29.552978,32.497307,0.581899,0.150823,0.00925,0.060663
86.0,4.6,100.0,100.0,50.0,0.3,29.655992,0.00633,24.481338,29.674768,0.580001,0.150823,0.063313,0.090995
86.0,4.6,100.0,100.0,50.0,0.4,28.508881,0.00867,21.534674,28.499392,0.583889,0.150823,0.033285,0.121326
86.0,4.6,100.0,100.0,50.0,0.5,28.302049,0.01182,19.707245,28.222421,0.588889,0.150823,0.28135,0.151658
86.0,5.0,100.0,100.0,50.0,0.2,34.109166,0.0046,30.843975,34.107793,0.58289,0.150823,0.004026,0.063246
86.0,5.0,100.0,100.0,50.0,0.3,30.794653,0.00669,25.185492,30.811295,0.580889,0.150823,0.054043,0.094868
86.0,5.0,100.0,100.0,50.0,0.4,29.405806,0.00922,21.961276,29.411781,0.582001,0.150823,0.020318,0.126491
86.0,5.0,100.0,100.0,50.0,0.5,29.128925,0.01276,19.985484,29.023644,0.590001,0.150823,0.361431,0.158114
87.0,0.2,100.0,100.0,50.0,0.2,4.607729,0.00062,4.607205,4.60834,0.228011,0.139262,0.013253,0.012649
87.0,0.2,100.0,100.0,50.0,0.3,6.282019,0.00091,6.243846,6.281283,0.596901,0.139262,0.011712,0.018974
87.0,0.2,100.0,100.0,50.0,0.4,7.758745,0.00123,7.59827,7.759772,0.578001,0.139262,0.013235,0.025298
87.0,0.2,100.0,100.0,50.0,0.5,8.992058,0.00155,8.629384,8.993141,0.580889,0.139262,0.012039,0.031623
87.0,0.6,100.0,100.0,50.0,0.2,9.175431,0.00118,9.081337,9.176453,0.574901,0.139262,0.01114,0.021909
87.0,0.6,100.0,100.0,50.0,0.3,11.113824,0.00175,10.652345,11.116003,0.579001,0.139262,0.019609,0.032863
87.0,0.6,100.0,100.0,50.0,0.4,12.510158,0.00233,11.533031,12.509776,0.582889,0.139262,0.003054,0.043818
87.0,0.6,100.0,100.0,50.0,0.5,13.583056,0.00292,12.046726,13.586298,0.581001,0.139262,0.023865,0.054772
87.0,1.0,100.0,100.0,50.0,0.2,12.620264,0.00163,12.307361,12.620357,0.582001,0.139262,0.00074,0.028284
87.0,1.0,100.0,100.0,50.0,0.3,14.194223,0.00239,13.194996,14.194773,0.582001,0.139262,0.003873,0.042426
87.0,1.0,100.0,100.0,50.0,0.4,15.286969,0.00316,13.516343,15.291022,0.581001,0.139262,0.02651,0.056569
87.0,1.0,100.0,100.0,50.0,0.5,16.181389,0.00397,13.628516,16.183464,0.582001,0.139262,0.012823,0.070711
87.0,1.4,100.0,100.0,50.0,0.2,15.517899,0.00202,14.930379,15.519888,0.580001,0.139262,0.012817,0.033466
87.0,1.4,100.0,100.0,50.0,0.3,16.605188,0.00294,15.06093,16.604105,0.583001,0.139262,0.006519,0.0502
87.0,1.4,100.0,100.0,50.0,0.4,17.402732,0.00388,14.888721,17.403746,0.582001,0.139262,0.005825,0.066933
87.0,1.4,100.0,100.0,50.0,0.5,18.127325,0.00489,14.679968,18.134595,0.581001,0.139262,0.040103,0.083666
87.0,1.8,100.0,100.0,50.0,0.2,18.085452,0.00237,17.190001,18.085783,0.582001,0.139262,0.001828,0.037947
87.0,1.8,100.0,100.0,50.0,0.3,18.640677,0.00343,16.568486,18.64675,0.580889,0.139262,0.032578,0.056921
87.0,1.8,100.0,100.0,50.0,0.4,19.148239,0.00453,15.954619,19.162849,0.579889,0.139262,0.076301,0.075895
87.0,1.8,100.0,100.0,50.0,0.5,19.732416,0.00576,15.473191,19.746738,0.580001,0.139262,0.07258,0.094868
87.0,2.2,100.0,100.0,50.0,0.2,20.421628,0.0027,19.20055,20.419455,0.583889,0.139262,0.010638,0.041952
87.0,2.2,100.0,100.0,50.0,0.3,20.438551,0.00389,17.848655,20.450532,0.579889,0.139262,0.058618,0.062929
87.0,2.2,100.0,100.0,50.0,0.4,20.684393,0.00515,16.832355,20.695589,0.580889,0.139262,0.05413,0.083905
87.0,2.2,100.0,100.0,50.0,0.5,21.144178,0.0066,16.110984,21.142439,0.582889,0.139262,0.008223,0.104881
87.0,2.6,100.0,100.0,50.0,0.2,22.578493,0.00301,21.025412,22.577537,0.583001,0.139262,0.004232,0.045607
87.0,2.6,100.0,100.0,50.0,0.3,22.078426,0.00433,18.968501,22.082042,0.581889,0.139262,0.016378,0.068411
87.0,2.6,100.0,100.0,50.0,0.4,22.051725,0.00575,17.580711,22.067029,0.580001,0.139262,0.069399,0.091214
87.0,2.6,100.0,100.0,50.0,0.5,22.382109,0.00743,16.643627,22.38422,0.582001,0.139262,0.00943,0.114018
87.0,3.0,100.0,100.0,50.0,0.2,24.590058,0.0033,22.703588,24.595028,0.580889,0.139262,0.020212,0.04899
87.0,3.0,100.0,100.0,50.0,0.3,23.567642,0.00474,19.967297,23.580771,0.580001,0.139262,0.055706,0.073485
87.0,3.0,100.0,100.0,50.0,0.4,23.302197,0.00633,18.233452,23.315411,0.580891,0.139262,0.056708,0.09798
87.0,3.0,100.0,100.0,50.0,0.5,23.509093,0.00825,17.099695,23.508873,0.582889,0.139262,0.000935,0.122474
87.0,3.4,100.0,100.0,50.0,0.2,26.492639,0.00358,24.260988,26.495227,0.581889,0.139262,0.009768,0.052154
87.0,3.4,100.0,100.0,50.0,0.3,24.964436,0.00514,20.870246,24.972308,0.581001,0.139262,0.031532,0.07823
87.0,3.4,100.0,100.0,50.0,0.4,24.458524,0.00689,18.811945,24.465414,0.581889,0.139262,0.02817,0.104307
87.0,3.4,100.0,100.0,50.0,0.5,24.581479,0.00908,17.497116,24.540197,0.586001,0.139262,0.167941,0.130384
87.0,3.8,100.0,100.0,50.0,0.2,28.28653,0.00385,25.715854,28.294557,0.580001,0.139262,0.028379,0.055136
87.0,3.8,100.0,100.0,50.0,0.3,26.266063,0.00553,21.694632,26.274348,0.581001,0.139262,0.031542,0.082704
87.0,3.8,100.0,100.0,50.0,0.4,25.528423,0.00745,19.330679,25.534063,0.582001,0.139262,0.022093,0.110272
87.0,3.8,100.0,100.0,50.0,0.5,25.564939,0.00994,17.847958,25.494649,0.588889,0.139262,0.274948,0.13784
87.0,4.2,100.0,100.0,50.0,0.2,30.002927,0.00411,27.081645,30.005139,0.582001,0.139262,0.007371,0.057966
87.0,4.2,100.0,100.0,50.0,0.3,27.483993,0.0059,22.452929,27.499746,0.580889,0.139262,0.057318,0.086948
87.0,4.2,100.0,100.0,50.0,0.4,26.541838,0.00801,19.800003,26.533713,0.583001,0.139262,0.030612,0.115931
87.0,4.2,100.0,100.0,50.0,0.5,26.483435,0.0108,18.160782,26.384199,0.590889,0.139262,0.374711,0.144914
87.0,4.6,100.0,100.0,50.0,0.2,31.640394,0.00436,28.368663,31.636253,0.583001,0.139262,0.013087,0.060663
87.0,4.6,100.0,100.0,50.0,0.3,28.637018,0.00627,23.154497,28.658219,0.580001,0.139262,0.074032,0.090995
87.0,4.6,100.0,100.0,50.0,0.4,27.485923,0.00856,20.227616,27.473689,0.583889,0.139262,0.044509,0.121326
87.0,4.6,100.0,100.0,50.0,0.5,27.341908,0.01168,18.441913,27.217896,0.591889,0.139262,0.45356,0.151658
87.0,5.0,100.0,100.0,50.0,0.2,33.185655,0.0046,29.585046,33.195238,0.580889,0.139262,0.028878,0.063246
87.0,5.0,100.0,100.0,50.0,0.3,29.72258,0.00663,23.806594,29.757343,0.578889,0.139262,0.116957,0.094868
87.0,5.0,100.0,100.0,50.0,0.4,28.378835,0.00911,20.619431,28.361257,0.584001,0.139262,0.061939,0.126491
87.0,5.0,100.0,100.0,50.0,0.5,28.156182,0.01257,18.696174,28.002799,0.593001,0.139262,0.54476,0.158114
88.0,0.2,100.0,100.0,50.0,0.2,4.605893,0.00062,4.60356,4.606245,0.485889,0.127833,0.007642,0.012649
88.0,0.2,100.0,100.0,50.0,0.3,6.24249,0.00091,6.185283,6.242285,0.585001,0.127833,0.003287,0.018974
88.0,0.2,100.0,100.0,50.0,0.4,7.63728,0.00123,7.430083,7.639495,0.575001,0.127833,0.029,0.025298
88.0,0.2,100.0,100.0,50.0,0.5,8.781201,0.00155,8.344089,8.780462,0.583889,0.127833,0.00842,0.031623
88.0,0.6,100.0,100.0,50.0,0.2,9.092188,0.00118,8.959441,9.0931,0.577889,0.127833,0.010032,0.021909
88.0,0.6,100.0,100.0,50.0,0.3,10.855646,0.00174,10.302451,10.856316,0.581889,0.127833,0.006176,0.032863
88.0,0.6,100.0,100.0,50.0,0.4,12.101377,0.00231,11.007769,12.104085,0.580989,0.127833,0.022374,0.043818
88.0,0.6,100.0,100.0,50.0,0.5,13.074626,0.00289,11.402168,13.076739,0.581889,0.127833,0.016165,0.054772
88.0,1.0,100.0,100.0,50.0,0.2,12.414659,0.00163,12.019698,12.414892,0.582001,0.127833,0.001875,0.028284
88.0,1.0,100.0,100.0,50.0,0.3,13.773863,0.00238,12.633136,13.766715,0.586889,0.127833,0.051894,0.042426
88.0,1.0,100.0,100.0,50.0,0.4,14.723002,0.00313,12.795388,14.724075,0.582001,0.127833,0.007286,0.056569
88.0,1.0,100.0,100.0,50.0,0.5,15.523002,0.00392,12.81453,15.531453,0.580889,0.127833,0.05444,0.070711
88.0,1.4,100.0,100.0,50.0,0.2,15.196372,0.00202,14.487326,15.197626,0.581001,0.127833,0.00825,0.033466
88.0,1.4,100.0,100.0,50.0,0.3,16.047849,0.00292,14.340367,16.04933,0.582001,0.127833,0.009228,0.0502
88.0,1.4,100.0,100.0,50.0,0.4,16.723636,0.00383,14.034496,16.727378,0.581889,0.127833,0.022376,0.066933
88.0,1.4,100.0,100.0,50.0,0.5,17.380712,0.00482,13.756707,17.3917,0.580889,0.127833,0.063219,0.083666
88.0,1.8,100.0,100.0,50.0,0.2,17.654511,0.00237,16.606674,17.657849,0.580001,0.127833,0.018906,0.037947
88.0,1.8,100.0,100.0,50.0,0.3,17.988523,0.00341,15.720447,17.990786,0.581901,0.127833,0.01258,0.056921
88.0,1.8,100.0,100.0,50.0,0.4,18.396145,0.00448,14.999051,18.404222,0.581001,0.127833,0.043905,0.075895
88.0,1.8,100.0,100.0,50.0,0.5,18.936394,0.00568,14.469687,18.938247,0.582001,0.127833,0.009787,0.094868
88.0,2.2,100.0,100.0,50.0,0.2,19.890369,0.0027,18.490132,19.896285,0.579889,0.127833,0.029741,0.041952
88.0,2.2,100.0,100.0,50.0,0.3,19.697165,0.00386,16.893471,19.710368,0.579001,0.127833,0.067029,0.062929
88.0,2.2,100.0,100.0,50.0,0.4,19.857767,0.00509,15.794876,19.871418,0.580001,0.127833,0.068744,0.083905
88.0,2.2,100.0,100.0,50.0,0.5,20.288025,0.00651,15.04435,20.283359,0.583001,0.127833,0.023,0.104881
88.0,2.6,100.0,100.0,50.0,0.2,21.974028,0.00301,20.198801,21.968076,0.584891,0.127833,0.027085,0.045607
88.0,2.6,100.0,100.0,50.0,0.3,21.262796,0.00429,17.920543,21.269836,0.581001,0.127833,0.033109,0.068411
88.0,2.6,100.0,100.0,50.0,0.4,21.166082,0.00567,16.47447,21.188692,0.579001,0.127833,0.106821,0.091214
88.0,2.6,100.0,100.0,50.0,0.5,21.494358,0.00732,15.525188,21.484505,0.583889,0.127833,0.045839,0.114018
88.0,3.0,100.0,100.0,50.0,0.2,23.903741,0.0033,21.769846,23.906878,0.581889,0.127833,0.013124,0.04899
88.0,3.0,100.0,100.0,50.0,0.3,22.688167,0.0047,18.837347,22.705712,0.579889,0.127833,0.077331,0.073485
88.0,3.0,100.0,100.0,50.0,0.4,22.37931,0.00624,17.068002,22.391198,0.581001,0.127833,0.053119,0.09798
88.0,3.0,100.0,100.0,50.0,0.5,22.614082,0.00813,15.93753,22.575632,0.586001,0.127833,0.170029,0.122474
88.0,3.4,100.0,100.0,50.0,0.2,25.730633,0.00358,23.227776,25.734904,0.581001,0.127833,0.016598,0.052154
88.0,3.4,100.0,100.0,50.0,0.3,24.021975,0.00509,19.666759,24.041635,0.579889,0.127833,0.08184,0.07823
88.0,3.4,100.0,100.0,50.0,0.4,23.505539,0.0068,17.594582,23.501661,0.583001,0.127833,0.0165,0.104307
88.0,3.4,100.0,100.0,50.0,0.5,23.656947,0.00897,16.297297,23.578766,0.589889,0.127833,0.330479,0.130384
88.0,3.8,100.0,100.0,50.0,0.2,27.463908,0.00385,24.589768,27.467717,0.581889,0.127833,0.013868,0.055136
88.0,3.8,100.0,100.0,50.0,0.3,25.275667,0.00547,20.424467,25.293942,0.580001,0.127833,0.072304,0.082704
88.0,3.8,100.0,100.0,50.0,0.4,24.549163,0.00736,18.067185,24.535791,0.583989,0.127833,0.054471,0.110272
88.0,3.8,100.0,100.0,50.0,0.5,24.620711,0.00979,16.61523,24.509191,0.591889,0.127833,0.452951,0.13784
88.0,4.2,100.0,100.0,50.0,0.2,29.115192,0.0041,25.868452,29.11675,0.582001,0.127833,0.005351,0.057966
88.0,4.2,100.0,100.0,50.0,0.3,26.467136,0.00585,21.121792,26.474509,0.581889,0.127833,0.027857,0.086948
88.0,4.2,100.0,100.0,50.0,0.4,25.525651,0.0079,18.495095,25.505011,0.584889,0.127833,0.080858,0.115931
88.0,4.2,100.0,100.0,50.0,0.5,25.514594,0.01064,16.89896,25.378055,0.593001,0.127833,0.535142,0.144914
88.0,4.6,100.0,100.0,50.0,0.2,30.677968,0.00435,27.07348,30.690733,0.580001,0.127833,0.041609,0.060663
88.0,4.6,100.0,100.0,50.0,0.3,27.576597,0.00621,21.76724,27.592311,0.580889,0.127833,0.056983,0.090995
88.0,4.6,100.0,100.0,50.0,0.4,26.447825,0.00845,18.885225,26.417962,0.585001,0.127833,0.112912,0.121326
88.0,4.6,100.0,100.0,50.0,0.5,26.354142,0.01153,17.154135,26.193806,0.594001,0.127833,0.60839,0.151658
88.0,5.0,100.0,100.0,50.0,0.2,32.18987,0.00459,28.212462,32.196548,0.581001,0.127833,0.020747,0.063246
88.0,5.0,100.0,100.0,50.0,0.3,28.643229,0.00656,22.367406,28.654357,0.581001,0.127833,0.038849,0.094868
88.0,5.0,100.0,100.0,50.0,0.4,27.354222,0.00901,19.242893,27.281387,0.588889,0.127833,0.266268,0.126491
88.0,5.0,100.0,100.0,50.0,0.5,27.172258,0.01241,17.385072,26.963052,0.596989,0.127833,0.769927,0.158114
89.0,0.2,100.0,100.0,50.0,0.2,4.601577,0.00062,4.595493,4.601431,0.601001,0.116534,0.003178,0.012649
89.0,0.2,100.0,100.0,50.0,0.3,6.184014,0.00092,6.099473,6.183747,0.584889,0.116534,0.004313,0.018974
89.0,0.2,100.0,100.0,50.0,0.4,7.485652,0.00123,7.21804,7.485195,0.583889,0.116534,0.006103,0.025298
89.0,0.2,100.0,100.0,50.0,0.5,8.529004,0.00154,8.009653,8.527766,0.584001,0.116534,0.01451,0.031623
89.0,0.6,100.0,100.0,50.0,0.2,8.976397,0.00119,8.793491,8.977388,0.578889,0.116534,0.01104,0.021909
89.0,0.6,100.0,100.0,50.0,0.3,10.549186,0.00174,9.893569,10.549092,0.582889,0.116534,0.00089,0.032863
89.0,0.6,100.0,100.0,50.0,0.4,11.65411,0.0023,10.428887,11.652981,0.583001,0.116534,0.009689,0.043818
89.0,0.6,100.0,100.0,50.0,0.5,12.523192,0.00286,10.712501,12.527724,0.580989,0.116534,0.036192,0.054772
89.0,1.0,100.0,100.0,50.0,0.2,12.15731,0.00163,11.665166,12.15814,0.581001,0.116534,0.006826,0.028284
89.0,1.0,100.0,100.0,50.0,0.3,13.286449,0.00236,12.007652,13.28597,0.582889,0.116534,0.003608,0.042426
89.0,1.0,100.0,100.0,50.0,0.4,14.107286,0.00309,12.024322,14.113813,0.580889,0.116534,0.04627,0.056569
89.0,1.0,100.0,100.0,50.0,0.5,14.836045,0.00386,11.961671,14.844859,0.580889,0.116534,0.059411,0.070711
89.0,1.4,100.0,100.0,50.0,0.2,14.810774,0.00202,13.964481,14.813182,0.580889,0.116534,0.016258,0.033466
89.0,1.4,100.0,100.0,50.0,0.3,15.439311,0.00289,13.55557,15.440855,0.582001,0.116534,0.010002,0.0502
89.0,1.4,100.0,100.0,50.0,0.4,16.002205,0.00379,13.133443,16.010254,0.580889,0.116534,0.050302,0.066933
89.0,1.4,100.0,100.0,50.0,0.5,16.614001,0.00475,12.798801,16.61781,0.581989,0.116534,0.022926,0.083666
89.0,1.8,100.0,100.0,50.0,0.2,17.156217,0.00237,15.934945,17.160634,0.580001,0.116534,0.025746,0.037947
89.0,1.8,100.0,100.0,50.0,0.3,17.267293,0.00338,14.808431,17.281191,0.578889,0.116534,0.080488,0.056921
89.0,1.8,100.0,100.0,50.0,0.4,17.59866,0.00442,13.999253,17.607034,0.581001,0.116534,0.047581,0.075895
89.0,1.8,100.0,100.0,50.0,0.5,18.097451,0.00559,13.434558,18.101432,0.582001,0.116534,0.021999,0.094868
89.0,2.2,100.0,100.0,50.0,0.2,19.295566,0.0027,17.684865,19.298729,0.581001,0.116534,0.016393,0.041952
89.0,2.2,100.0,100.0,50.0,0.3,18.910609,0.00382,15.874754,18.916971,0.581001,0.116534,0.033641,0.062929
89.0,2.2,100.0,100.0,50.0,0.4,18.997993,0.00502,14.715222,19.010513,0.580889,0.116534,0.065903,0.083905
89.0,2.2,100.0,100.0,50.0,0.5,19.418797,0.00641,13.948369,19.398024,0.585001,0.116534,0.106973,0.104881
89.0,2.6,100.0,100.0,50.0,0.2,21.276198,0.00301,19.27213,21.280297,0.581001,0.116534,0.019265,0.045607
89.0,2.6,100.0,100.0,50.0,0.3,20.397055,0.00425,16.809501,20.40489,0.581001,0.116534,0.038413,0.068411
89.0,2.6,100.0,100.0,50.0,0.4,20.278801,0.0056,15.327718,20.275154,0.583001,0.116534,0.017985,0.091214
89.0,2.6,100.0,100.0,50.0,0.5,20.601053,0.00721,14.379188,20.560199,0.586901,0.116534,0.198312,0.114018
89.0,3.0,100.0,100.0,50.0,0.2,23.130304,0.0033,20.731612,23.137225,0.580889,0.116534,0.029923,0.04899
89.0,3.0,100.0,100.0,50.0,0.3,21.764073,0.00465,17.644716,21.778421,0.580001,0.116534,0.065923,0.073485
89.0,3.0,100.0,100.0,50.0,0.4,21.436688,0.00616,15.863413,21.433086,0.583001,0.116534,0.016803,0.09798
89.0,3.0,100.0,100.0,50.0,0.5,21.690115,0.00802,14.749248,21.619167,0.589001,0.116534,0.327099,0.122474
89.0,3.4,100.0,100.0,50.0,0.2,24.884416,0.00357,22.086175,24.890408,0.581001,0.116534,0.024081,0.052154
89.0,3.4,100.0,100.0,50.0,0.3,23.04312,0.00503,18.400939,23.059218,0.580001,0.116534,0.069862,0.07823
89.0,3.4,100.0,100.0,50.0,0.4,22.524011,0.00671,16.339233,22.505133,0.584889,0.116534,0.083814,0.104307
89.0,3.4,100.0,100.0,50.0,0.5,22.718372,0.00883,15.072557,22.595264,0.593001,0.116534,0.541888,0.130384
89.0,3.8,100.0,100.0,50.0,0.2,26.546067,0.00384,23.351786,26.55441,0.580889,0.116534,0.031427,0.055136
89.0,3.8,100.0,100.0,50.0,0.3,24.249452,0.00541,19.092261,24.262257,0.580989,0.116534,0.052804,0.082704
89.0,3.8,100.0,100.0,50.0,0.4,23.546392,0.00725,16.766689,23.505726,0.586889,0.116534,0.172708,0.110272
89.0,3.8,100.0,100.0,50.0,0.5,23.671799,0.00966,15.358587,23.502649,0.596001,0.116534,0.714565,0.13784
89.0,4.2,100.0,100.0,50.0,0.2,28.13807,0.00409,24.540159,28.139888,0.582001,0.116534,0.00646,0.057966
89.0,4.2,100.0,100.0,50.0,0.3,25.386132,0.00578,19.728861,25.398424,0.581001,0.116534,0.048421,0.086948
89.0,4.2,100.0,100.0,50.0,0.4,24.509134,0.0078,17.154032,24.445383,0.588001,0.116534,0.26011,0.115931
89.0,4.2,100.0,100.0,50.0,0.5,24.567096,0.0105,15.614082,24.351681,0.598889,0.116534,0.876845,0.144914
89.0,4.6,100.0,100.0,50.0,0.2,29.636407,0.00433,25.660233,29.654959,0.579001,0.116534,0.062599,0.060663
89.0,4.6,100.0,100.0,50.0,0.3,26.470211,0.00613,20.318393,26.475961,0.581989,0.116534,0.021723,0.090995
89.0,4.6,100.0,100.0,50.0,0.4,25.428606,0.00834,17.507419,25.33208,0.590889,0.116534,0.379594,0.121326
89.0,4.6,100.0,100.0,50.0,0.5,25.39608,0.01136,15.844046,25.150236,0.599989,0.116534,0.968038,0.151658
89.0,5.0,100.0,100.0,50.0,0.2,31.085938,0.00457,26.719052,31.106011,0.579001,0.116534,0.064572,0.063246
89.0,5.0,100.0,100.0,50.0,0.3,27.498831,0.00648,20.866799,27.501307,0.582001,0.116534,0.009003,0.094868
89.0,5.0,100.0,100.0,50.0,0.4,26.286983,0.00888,17.831592,26.172055,0.591889,0.116534,0.437207,0.126491
89.0,5.0,100.0,100.0,50.0,0.5,26.196225,0.01227,16.052308,25.904489,0.602001,0.116534,1.113656,0.158114
90.0,0.2,100.0,100.0,50.0,0.2,4.591268,0.00062,4.578779,4.591079,0.594001,0.105361,0.00411,0.012649
90.0,0.2,100.0,100.0,50.0,0.3,6.099674,0.00092,5.977242,6.098384,0.590001,0.105361,0.021144,0.018974
90.0,0.2,100.0,100.0,50.0,0.4,7.290361,0.00122,6.954827,7.29039,0.582889,0.105361,0.000404,0.025298
90.0,0.2,100.0,100.0,50.0,0.5,8.228854,0.00153,7.621432,8.230556,0.580889,0.105361,0.020685,0.031623
90.0,0.6,100.0,100.0,50.0,0.2,8.820155,0.00119,8.572071,8.820056,0.582889,0.105361,0.001126,0.021909
90.0,0.6,100.0,100.0,50.0,0.3,10.188802,0.00173,9.419914,10.188924,0.582001,0.105361,0.001202,0.032863
90.0,0.6,100.0,100.0,50.0,0.4,11.15485,0.00227,9.79402,11.153946,0.583001,0.105361,0.008101,0.043818
90.0,0.6,100.0,100.0,50.0,0.5,11.930796,0.00282,9.976867,11.938144,0.580001,0.105361,0.061592,0.054772
90.0,1.0,100.0,100.0,50.0,0.2,11.83884,0.00163,11.233188,11.841102,0.580001,0.105361,0.019107,0.028284
90.0,1.0,100.0,100.0,50.0,0.3,12.743823,0.00234,11.314859,12.748921,0.580001,0.105361,0.04,0.042426
90.0,1.0,100.0,100.0,50.0,0.4,13.449915,0.00305,11.202022,13.458921,0.579991,0.105361,0.066957,0.056569
90.0,1.0,100.0,100.0,50.0,0.5,14.116786,0.0038,11.069729,14.123271,0.581001,0.105361,0.045938,0.070711
90.0,1.4,100.0,100.0,50.0,0.2,14.357505,0.00202,13.352298,14.358325,0.582001,0.105361,0.005713,0.033466
90.0,1.4,100.0,100.0,50.0,0.3,14.766862,0.00287,12.703835,14.775983,0.579889,0.105361,0.061767,0.0502
90.0,1.4,100.0,100.0,50.0,0.4,15.239065,0.00373,12.184915,15.251558,0.579901,0.105361,0.081981,0.066933
90.0,1.4,100.0,100.0,50.0,0.5,15.815236,0.00468,11.806247,15.812763,0.583,0.105361,0.015637,0.083666
90.0,1.8,100.0,100.0,50.0,0.2,16.586561,0.00237,15.165985,16.586529,0.582889,0.105361,0.000192,0.037947
90.0,1.8,100.0,100.0,50.0,0.3,16.51085,0.00334,13.830272,16.515798,0.581001,0.105361,0.029966,0.056921
90.0,1.8,100.0,100.0,50.0,0.4,16.761482,0.00435,12.954808,16.770727,0.581001,0.105361,0.055159,0.075895
90.0,1.8,100.0,100.0,50.0,0.5,17.260286,0.0055,12.367888,17.236246,0.585889,0.105361,0.13928,0.094868
90.0,2.2,100.0,100.0,50.0,0.2,18.616157,0.00269,16.7764,18.619638,0.581001,0.105361,0.018701,0.041952
90.0,2.2,100.0,100.0,50.0,0.3,18.056141,0.00378,14.790668,18.068512,0.580001,0.105361,0.068512,0.062929
90.0,2.2,100.0,100.0,50.0,0.4,18.101947,0.00494,13.593109,18.11247,0.581001,0.105361,0.05813,0.083905
90.0,2.2,100.0,100.0,50.0,0.5,18.535958,0.0063,12.82316,18.486449,0.588001,0.105361,0.267095,0.104881
90.0,2.6,100.0,100.0,50.0,0.2,20.502448,0.003,18.237371,20.507386,0.581001,0.105361,0.024084,0.045607
90.0,2.6,100.0,100.0,50.0,0.3,19.469954,0.00419,15.633756,19.485608,0.579901,0.105361,0.080401,0.068411
90.0,2.6,100.0,100.0,50.0,0.4,19.33604,0.00551,14.140247,19.326106,0.583889,0.105361,0.051373,0.091214
90.0,2.6,100.0,100.0,50.0,0.5,19.695569,0.00709,13.205764,19.611347,0.591001,0.105361,0.42762,0.114018
90.0,3.0,100.0,100.0,50.0,0.2,22.275016,0.00328,19.581076,22.279509,0.581001,0.105361,0.020171,0.04899
90.0,3.0,100.0,100.0,50.0,0.3,20.788914,0.00459,16.387938,20.797467,0.581001,0.105361,0.041144,0.073485
90.0,3.0,100.0,100.0,50.0,0.4,20.472491,0.00606,14.619529,20.440834,0.586001,0.105361,0.154634,0.09798
90.0,3.0,100.0,100.0,50.0,0.5,20.763336,0.00789,13.534993,20.639546,0.593989,0.105361,0.596198,0.122474
90.0,3.4,100.0,100.0,50.0,0.2,23.944407,0.00356,20.828523,23.955373,0.580001,0.105361,0.0458,0.052154
90.0,3.4,100.0,100.0,50.0,0.3,22.014163,0.00497,17.07143,22.023756,0.581001,0.105361,0.043576,0.07823
90.0,3.4,100.0,100.0,50.0,0.4,21.521816,0.0066,15.045775,21.475634,0.587001,0.105361,0.214582,0.104307
90.0,3.4,100.0,100.0,50.0,0.5,21.765072,0.00869,13.82304,21.589769,0.597001,0.105361,0.805434,0.130384
90.0,3.8,100.0,100.0,50.0,0.2,25.533732,0.00382,21.994346,25.548419,0.579889,0.105361,0.057521,0.055136
90.0,3.8,100.0,100.0,50.0,0.3,23.176572,0.00534,17.696744,23.178084,0.582001,0.105361,0.006526,0.082704
90.0,3.8,100.0,100.0,50.0,0.4,22.517014,0.00714,15.42909,22.443704,0.589001,0.105361,0.325575,0.110272
90.0,3.8,100.0,100.0,50.0,0.5,22.705824,0.00951,14.078171,22.475105,0.600889,0.105361,1.016123,0.13784
90.0,4.2,100.0,100.0,50.0,0.2,27.05724,0.00407,23.08927,27.068454,0.580889,0.105361,0.041444,0.057966
90.0,4.2,100.0,100.0,50.0,0.3,24.270434,0.0057,18.27293,24.270363,0.582889,0.105361,0.000291,0.086948
90.0,4.2,100.0,100.0,50.0,0.4,23.4672,0.00768,15.776731,23.354691,0.592001,0.105361,0.479433,0.115931
90.0,4.2,100.0,100.0,50.0,0.5,23.583721,0.01035,14.306289,23.305164,0.602899,0.105361,1.181141,0.144914
90.0,4.6,100.0,100.0,50.0,0.2,28.498709,0.00431,24.12147,28.522929,0.578889,0.105361,0.084986,0.060663
90.0,4.6,100.0,100.0,50.0,0.3,25.328264,0.00605,18.806803,25.308102,0.584889,0.105361,0.079602,0.090995
90.0,4.6,100.0,100.0,50.0,0.4,24.351724,0.00821,16.094126,24.215925,0.593889,0.105361,0.557656,0.121326
90.0,4.6,100.0,100.0,50.0,0.5,24.409996,0.01119,14.511781,24.087275,0.604889,0.105361,1.322085,0.151658
90.0,5.0,100.0,100.0,50.0,0.2,29.898435,0.00455,25.09739,29.917701,0.579889,0.105361,0.064438,0.063246
90.0,5.0,100.0,100.0,50.0,0.3,26.316853,0.00639,19.303662,26.297178,0.584001,0.105361,0.074763,0.094868
90.0,5.0,100.0,100.0,50.0,0.4,25.199133,0.00874,16.385462,25.033157,0.595001,0.105361,0.658657,0.126491
90.0,5.0,100.0,100.0,50.0,0.5,25.229347,0.01206,14.698013,24.827199,0.608889,0.105361,1.593969,0.158114
91.0,0.2,100.0,100.0,50.0,0.2,4.571027,0.00062,4.546256,4.570198,0.608001,0.094311,0.018147,0.012649
91.0,0.2,100.0,100.0,50.0,0.3,5.97693,0.00092,5.807772,5.977297,0.581001,0.094311,0.006135,0.018974
91.0,0.2,100.0,100.0,50.0,0.4,7.046885,0.00122,6.632909,7.048184,0.580001,0.094311,0.018432,0.025298
91.0,0.2,100.0,100.0,50.0,0.5,7.883258,0.00152,7.174978,7.884368,0.581889,0.094311,0.014086,0.031623
91.0,0.6,100.0,100.0,50.0,0.2,8.607648,0.00119,8.282244,8.610322,0.577001,0.094311,0.03107,0.021909
91.0,0.6,100.0,100.0,50.0,0.3,9.770174,0.00172,8.875783,9.770349,0.582001,0.094311,0.001789,0.032863
91.0,0.6,100.0,100.0,50.0,0.4,10.601411,0.00224,9.100996,10.604592,0.581001,0.094311,0.030003,0.043818
91.0,0.6,100.0,100.0,50.0,0.5,11.299414,0.00278,9.194546,11.307003,0.580001,0.094311,0.067159,0.054772
91.0,1.0,100.0,100.0,50.0,0.2,11.453088,0.00163,10.712528,11.454036,0.581889,0.094311,0.008281,0.028284
91.0,1.0,100.0,100.0,50.0,0.3,12.148525,0.00232,10.55121,12.152023,0.581001,0.094311,0.028792,0.042426
91.0,1.0,100.0,100.0,50.0,0.4,12.749854,0.00301,10.327484,12.758177,0.580001,0.094311,0.065276,0.056569
91.0,1.0,100.0,100.0,50.0,0.5,13.362036,0.00373,10.138563,13.366338,0.581889,0.094311,0.032197,0.070711
91.0,1.4,100.0,100.0,50.0,0.2,13.821367,0.00201,12.640828,13.824363,0.580891,0.094311,0.021677,0.033466
91.0,1.4,100.0,100.0,50.0,0.3,14.047807,0.00283,11.78257,14.05209,0.581001,0.094311,0.030485,0.0502
91.0,1.4,100.0,100.0,50.0,0.4,14.438283,0.00367,11.188344,14.450541,0.580001,0.094311,0.0849,0.066933
91.0,1.4,100.0,100.0,50.0,0.5,14.990038,0.00459,10.779083,14.976436,0.584889,0.094311,0.090741,0.083666
91.0,1.8,100.0,100.0,50.0,0.2,15.927356,0.00236,14.290653,15.92758,0.582889,0.094311,0.001409,0.037947
91.0,1.8,100.0,100.0,50.0,0.3,15.684712,0.00329,12.783891,15.692502,0.580889,0.094311,0.049665,0.056921
91.0,1.8,100.0,100.0,50.0,0.4,15.891825,0.00428,11.865354,15.894795,0.582001,0.094311,0.018688,0.075895
91.0,1.8,100.0,100.0,50.0,0.5,16.38604,0.0054,11.269781,16.342667,0.588001,0.094311,0.264692,0.094868
91.0,2.2,100.0,100.0,50.0,0.2,17.849976,0.00268,15.75611,17.851573,0.582001,0.094311,0.008949,0.041952
91.0,2.2,100.0,100.0,50.0,0.3,17.148932,0.00372,13.639445,17.163215,0.579901,0.094311,0.083285,0.062929
91.0,2.2,100.0,100.0,50.0,0.4,17.192293,0.00485,12.428288,17.176919,0.584889,0.094311,0.089425,0.083905
91.0,2.2,100.0,100.0,50.0,0.5,17.636948,0.00619,11.668859,17.548665,0.592001,0.094311,0.500555,0.104881
91.0,2.6,100.0,100.0,50.0,0.2,19.639294,0.00298,17.086231,19.642271,0.581889,0.094311,0.01516,0.045607
91.0,2.6,100.0,100.0,50.0,0.3,18.496879,0.00413,14.391745,18.510436,0.580001,0.094311,0.073296,0.068411
91.0,2.6,100.0,100.0,50.0,0.4,18.38436,0.00541,12.91188,18.34127,0.587889,0.094311,0.234385,0.091214
91.0,2.6,100.0,100.0,50.0,0.5,18.786314,0.00697,12.005063,18.638009,0.597001,0.094311,0.789431,0.114018
91.0,3.0,100.0,100.0,50.0,0.2,21.319266,0.00327,18.310169,21.326927,0.580889,0.094311,0.035937,0.04899
91.0,3.0,100.0,100.0,50.0,0.3,19.75296,0.00452,15.065592,19.761458,0.581001,0.094311,0.043024,0.073485
91.0,3.0,100.0,100.0,50.0,0.4,19.4694,0.00595,13.336215,19.41422,0.588889,0.094311,0.283418,0.09798
91.0,3.0,100.0,100.0,50.0,0.5,19.833073,0.00775,12.294915,19.636843,0.600001,0.094311,0.989409,0.122474
91.0,3.4,100.0,100.0,50.0,0.2,22.915967,0.00354,19.4469,22.9232,0.581001,0.094311,0.031563,0.052154
91.0,3.4,100.0,100.0,50.0,0.3,20.934777,0.0049,15.676914,20.933973,0.582889,0.094311,0.003842,0.07823
91.0,3.4,100.0,100.0,50.0,0.4,20.506577,0.00649,13.714102,20.412986,0.591889,0.094311,0.456395,0.104307
91.0,3.4,100.0,100.0,50.0,0.5,20.804181,0.00854,12.548895,20.562364,0.602001,0.094311,1.162346,0.130384
91.0,3.8,100.0,100.0,50.0,0.2,24.426238,0.0038,20.50963,24.443303,0.579889,0.094311,0.069864,0.055136
91.0,3.8,100.0,100.0,50.0,0.3,22.053279,0.00526,16.236675,22.040244,0.584001,0.094311,0.059108,0.082704
91.0,3.8,100.0,100.0,50.0,0.4,21.49389,0.00703,14.054302,21.349579,0.595889,0.094311,0.671405,0.110272
91.0,3.8,100.0,100.0,50.0,0.5,21.735559,0.00935,12.774129,21.426649,0.605989,0.094311,1.42122,0.13784
91.0,4.2,100.0,100.0,50.0,0.2,25.871584,0.00404,21.508031,25.896129,0.578889,0.094311,0.094872,0.057966
91.0,4.2,100.0,100.0,50.0,0.3,23.1225,0.00561,16.752818,23.089218,0.586001,0.094311,0.14394,0.086948
91.0,4.2,100.0,100.0,50.0,0.4,22.404714,0.00755,14.36312,22.232808,0.596989,0.094311,0.767277,0.115931
91.0,4.2,100.0,100.0,50.0,0.5,22.607711,0.0102,12.975722,22.238595,0.608889,0.094311,1.632699,0.144914
91.0,4.6,100.0,100.0,50.0,0.2,27.267528,0.00428,22.449477,27.288422,0.579889,0.094311,0.076626,0.060663
91.0,4.6,100.0,100.0,50.0,0.3,24.133272,0.00596,17.231337,24.087685,0.587001,0.094311,0.188897,0.090995
91.0,4.6,100.0,100.0,50.0,0.4,23.286601,0.00808,14.645284,23.069388,0.599889,0.094311,0.932782,0.121326
91.0,4.6,100.0,100.0,50.0,0.5,23.432091,0.01101,13.157478,23.005013,0.611001,0.094311,1.822619,0.151658
91.0,5.0,100.0,100.0,50.0,0.2,28.609075,0.00452,23.339786,28.625479,0.580001,0.094311,0.057338,0.063246
91.0,5.0,100.0,100.0,50.0,0.3,25.104536,0.0063,17.6769,25.04097,0.588001,0.094311,0.253207,0.094868
91.0,5.0,100.0,100.0,50.0,0.4,24.133987,0.00861,14.904449,23.864599,0.602001,0.094311,1.116217,0.126491
91.0,5.0,100.0,100.0,50.0,0.5,24.247457,0.0119,13.32232,23.731272,0.615001,0.094311,2.128822,0.158114
92.0,0.2,100.0,100.0,50.0,0.2,4.530057,0.00062,4.486658,4.530566,0.574001,0.083382,0.011238,0.012649
92.0,0.2,100.0,100.0,50.0,0.3,5.810751,0.00091,5.578772,5.810009,0.584889,0.083382,0.012768,0.018974
92.0,0.2,100.0,100.0,50.0,0.4,6.748189,0.00121,6.244727,6.751415,0.578001,0.083382,0.047805,0.025298
92.0,0.2,100.0,100.0,50.0,0.5,7.484554,0.0015,6.666124,7.484863,0.582001,0.083382,0.004133,0.031623
92.0,0.6,100.0,100.0,50.0,0.2,8.337246,0.00119,7.909696,8.335944,0.584889,0.083382,0.015612,0.021909
92.0,0.6,100.0,100.0,50.0,0.3,9.287645,0.0017,8.255634,9.287918,0.582001,0.083382,0.002936,0.032863
92.0,0.6,100.0,100.0,50.0,0.4,9.998765,0.00221,8.347854,10.002679,0.581001,0.083382,0.039148,0.043818
92.0,0.6,100.0,100.0,50.0,0.5,10.627196,0.00272,8.364953,10.633417,0.580889,0.083382,0.058542,0.054772
92.0,1.0,100.0,100.0,50.0,0.2,10.985979,0.00163,10.09139,10.986537,0.582001,0.083382,0.005075,0.028284
92.0,1.0,100.0,100.0,50.0,0.3,11.486359,0.00229,9.713326,11.491828,0.580889,0.083382,0.047617,0.042426
92.0,1.0,100.0,100.0,50.0,0.4,12.008434,0.00295,9.39983,12.010463,0.582001,0.083382,0.016895,0.056569
92.0,1.0,100.0,100.0,50.0,0.5,12.584852,0.00366,9.168096,12.573772,0.584889,0.083382,0.08804,0.070711
92.0,1.4,100.0,100.0,50.0,0.2,13.199034,0.002,11.819774,13.20219,0.581001,0.083382,0.023911,0.033466
92.0,1.4,100.0,100.0,50.0,0.3,13.260565,0.00279,10.78931,13.266637,0.580991,0.083382,0.04579,0.0502
92.0,1.4,100.0,100.0,50.0,0.4,13.612862,0.0036,10.143238,13.606523,0.583889,0.083382,0.046564,0.066933
92.0,1.4,100.0,100.0,50.0,0.5,14.149921,0.00449,9.717382,14.108742,0.588889,0.083382,0.291017,0.083666
92.0,1.8,100.0,100.0,50.0,0.2,15.171329,0.00235,13.299528,15.175519,0.581001,0.083382,0.027621,0.037947
92.0,1.8,100.0,100.0,50.0,0.3,14.796232,0.00324,11.667301,14.809269,0.579889,0.083382,0.08811,0.056921
92.0,1.8,100.0,100.0,50.0,0.4,14.993493,0.00419,10.730585,14.978777,0.584889,0.083382,0.09815,0.075895
92.0,1.8,100.0,100.0,50.0,0.5,15.495425,0.00529,10.140369,15.4207,0.591889,0.083382,0.48224,0.094868
92.0,2.2,100.0,100.0,50.0,0.2,16.982824,0.00266,14.615108,16.986824,0.581001,0.083382,0.023553,0.041952
92.0,2.2,100.0,100.0,50.0,0.3,16.200568,0.00366,12.419385,16.199358,0.582889,0.083382,0.007467,0.062929
92.0,2.2,100.0,100.0,50.0,0.4,16.247157,0.00476,11.220552,16.203529,0.588001,0.083382,0.268527,0.083905
92.0,2.2,100.0,100.0,50.0,0.5,16.728184,0.00606,10.485618,16.58472,0.597889,0.083382,0.85762,0.104881
92.0,2.6,100.0,100.0,50.0,0.2,18.664887,0.00296,15.810167,18.677633,0.579889,0.083382,0.068288,0.045607
92.0,2.6,100.0,100.0,50.0,0.3,17.484441,0.00406,13.081958,17.477866,0.583889,0.083382,0.037606,0.068411
92.0,2.6,100.0,100.0,50.0,0.4,17.402578,0.00531,11.642467,17.320392,0.592001,0.083382,0.472262,0.091214
92.0,2.6,100.0,100.0,50.0,0.5,17.853488,0.00684,10.777244,17.640257,0.602889,0.083382,1.194338,0.114018
92.0,3.0,100.0,100.0,50.0,0.2,20.261983,0.00324,16.91057,20.272441,0.580889,0.083382,0.051615,0.04899
92.0,3.0,100.0,100.0,50.0,0.3,18.686028,0.00444,13.676298,18.669036,0.584889,0.083382,0.090933,0.073485
92.0,3.0,100.0,100.0,50.0,0.4,18.471151,0.00584,12.013359,18.353048,0.594889,0.083382,0.639392,0.09798
92.0,3.0,100.0,100.0,50.0,0.5,18.876967,0.00761,11.029173,18.611143,0.605001,0.083382,1.408194,0.122474
92.0,3.4,100.0,100.0,50.0,0.2,21.775293,0.00351,17.933134,21.787059,0.580889,0.083382,0.054034,0.052154
92.0,3.4,100.0,100.0,50.0,0.3,19.815611,0.00481,14.216108,19.788624,0.585889,0.083382,0.136189,0.07823
92.0,3.4,100.0,100.0,50.0,0.4,19.49273,0.00637,12.344129,19.317029,0.599001,0.083382,0.901368,0.104307
92.0,3.4,100.0,100.0,50.0,0.5,19.862057,0.0084,11.250277,19.513141,0.610001,0.083382,1.756694,0.130384
92.0,3.8,100.0,100.0,50.0,0.2,23.214564,0.00376,18.889562,23.232394,0.579889,0.083382,0.076805,0.055136
92.0,3.8,100.0,100.0,50.0,0.3,20.894476,0.00517,14.710843,20.847578,0.587889,0.083382,0.224454,0.082704
92.0,3.8,100.0,100.0,50.0,0.4,20.431914,0.00689,12.642255,20.223217,0.600889,0.083382,1.021428,0.110272
92.0,3.8,100.0,100.0,50.0,0.5,20.775892,0.0092,11.446611,20.357374,0.613001,0.083382,2.014443,0.13784
92.0,4.2,100.0,100.0,50.0,0.2,24.603654,0.00401,19.788428,24.616372,0.580889,0.083382,0.051691,0.057966
92.0,4.2,100.0,100.0,50.0,0.3,21.934785,0.00552,15.16737,21.853899,0.590889,0.083382,0.368756,0.086948
92.0,4.2,100.0,100.0,50.0,0.4,21.334521,0.00741,12.913139,21.079622,0.603001,0.083382,1.194773,0.115931
92.0,4.2,100.0,100.0,50.0,0.5,21.646805,0.01001,11.622526,21.152068,0.616889,0.083382,2.285496,0.144914
92.0,4.6,100.0,100.0,50.0,0.2,25.932354,0.00425,20.636281,25.944999,0.580989,0.083382,0.04876,0.060663
92.0,4.6,100.0,100.0,50.0,0.3,22.920801,0.00586,15.590883,22.813678,0.592001,0.083382,0.467362,0.090995
92.0,4.6,100.0,100.0,50.0,0.4,22.217229,0.00795,13.16084,21.892371,0.607001,0.083382,1.462191,0.121326
92.0,4.6,100.0,100.0,50.0,0.5,22.470104,0.01085,11.781274,21.903544,0.619001,0.083382,2.521394,0.151658
92.0,5.0,100.0,100.0,50.0,0.2,27.216106,0.00447,21.438286,27.222987,0.581889,0.083382,0.025281,0.063246
92.0,5.0,100.0,100.0,50.0,0.3,23.863876,0.0062,15.985436,23.731697,0.593989,0.083382,0.553887,0.094868
92.0,5.0,100.0,100.0,50.0,0.4,23.019122,0.00845,13.388505,22.666295,0.607889,0.083382,1.532756,0.126491
92.0,5.0,100.0,100.0,50.0,0.5,23.261674,0.01173,11.92536,22.616799,0.622001,0.083382,2.772263,0.158114
93.0,0.2,100.0,100.0,50.0,0.2,4.459329,0.00062,4.383504,4.459601,0.580001,0.072571,0.006094,0.012649
93.0,0.2,100.0,100.0,50.0,0.3,5.585465,0.00091,5.276814,5.58464,0.584001,0.072571,0.014771,0.018974
93.0,0.2,100.0,100.0,50.0,0.4,6.393585,0.0012,5.78291,6.392836,0.583001,0.072571,0.011711,0.025298
93.0,0.2,100.0,100.0,50.0,0.5,7.024796,0.00148,6.091077,7.02791,0.580001,0.072571,0.044322,0.031623
93.0,0.6,100.0,100.0,50.0,0.2,7.981447,0.00118,7.438969,7.983345,0.580001,0.072571,0.023786,0.021909
93.0,0.6,100.0,100.0,50.0,0.3,8.734254,0.00168,7.554162,8.736278,0.581001,0.072571,0.023171,0.032863
93.0,0.6,100.0,100.0,50.0,0.4,9.339079,0.00216,7.532859,9.346141,0.580001,0.072571,0.075617,0.043818
93.0,0.6,100.0,100.0,50.0,0.5,9.916483,0.00266,7.487641,9.916626,0.582889,0.072571,0.001438,0.054772
93.0,1.0,100.0,100.0,50.0,0.2,10.42619,0.00162,9.357546,10.427625,0.581889,0.072571,0.013766,0.028284
93.0,1.0,100.0,100.0,50.0,0.3,10.759924,0.00225,8.798012,10.765012,0.580901,0.072571,0.047288,0.042426
93.0,1.0,100.0,100.0,50.0,0.4,11.212362,0.00288,8.418298,11.214765,0.582001,0.072571,0.021431,0.056569
93.0,1.0,100.0,100.0,50.0,0.5,11.773595,0.00357,8.158316,11.745345,0.587889,0.072571,0.239941,0.070711
93.0,1.4,100.0,100.0,50.0,0.2,12.476053,0.00199,10.878556,12.48234,0.579989,0.072571,0.050396,0.033466
93.0,1.4,100.0,100.0,50.0,0.3,12.404399,0.00273,9.721717,12.417185,0.579001,0.072571,0.103073,0.0502
93.0,1.4,100.0,100.0,50.0,0.4,12.737859,0.00352,9.049182,12.718893,0.585989,0.072571,0.148892,0.066933
93.0,1.4,100.0,100.0,50.0,0.5,13.287057,0.00439,8.621254,13.209632,0.593001,0.072571,0.582709,0.083666
93.0,1.8,100.0,100.0,50.0,0.2,14.315865,0.00232,12.182938,14.321792,0.580889,0.072571,0.0414,0.037947
93.0,1.8,100.0,100.0,50.0,0.3,13.860317,0.00318,10.478612,13.864139,0.581889,0.072571,0.027572,0.056921
93.0,1.8,100.0,100.0,50.0,0.4,14.070332,0.0041,9.550243,14.022262,0.589889,0.072571,0.341639,0.075895
93.0,1.8,100.0,100.0,50.0,0.5,14.609279,0.00517,8.979801,14.470369,0.598989,0.072571,0.950832,0.094868
93.0,2.2,100.0,100.0,50.0,0.2,16.008393,0.00263,13.344266,16.017426,0.580001,0.072571,0.056424,0.041952
93.0,2.2,100.0,100.0,50.0,0.3,15.187033,0.00359,11.128862,15.175279,0.584889,0.072571,0.077392,0.062929
93.0,2.2,100.0,100.0,50.0,0.4,15.291165,0.00466,9.969728,15.192004,0.594989,0.072571,0.648488,0.083905
93.0,2.2,100.0,100.0,50.0,0.5,15.801859,0.00593,9.2736,15.594676,0.603889,0.072571,1.31113,0.104881
93.0,2.6,100.0,100.0,50.0,0.2,17.590386,0.00292,14.400388,17.60591,0.579001,0.072571,0.088253,0.045607
93.0,2.6,100.0,100.0,50.0,0.3,16.412587,0.00398,11.702938,16.386433,0.586001,0.072571,0.159356,0.068411
93.0,2.6,100.0,100.0,50.0,0.4,16.402968,0.00519,10.331887,16.26325,0.597989,0.072571,0.851788,0.091214
93.0,2.6,100.0,100.0,50.0,0.5,16.92395,0.00669,9.522472,16.618173,0.610889,0.072571,1.806773,0.114018
93.0,3.0,100.0,100.0,50.0,0.2,19.100354,0.0032,15.373707,19.10878,0.581001,0.072571,0.044112,0.04899
93.0,3.0,100.0,100.0,50.0,0.3,17.561592,0.00435,12.21872,17.51888,0.587901,0.072571,0.243213,0.073485
93.0,3.0,100.0,100.0,50.0,0.4,17.459014,0.00572,10.650872,17.25714,0.602889,0.072571,1.156272,0.09798
93.0,3.0,100.0,100.0,50.0,0.5,17.949229,0.00746,9.73793,17.562537,0.614889,0.072571,2.154365,0.122474
93.0,3.4,100.0,100.0,50.0,0.2,20.525201,0.00346,16.278795,20.539895,0.580001,0.072571,0.071589,0.052154
93.0,3.4,100.0,100.0,50.0,0.3,18.662522,0.00472,12.687761,18.586497,0.591001,0.072571,0.407369,0.07823
93.0,3.4,100.0,100.0,50.0,0.4,18.445983,0.00624,10.935783,18.187619,0.605901,0.072571,1.400654,0.104307
93.0,3.4,100.0,100.0,50.0,0.5,18.905612,0.00823,9.927344,18.442196,0.618001,0.072571,2.451208,0.130384
93.0,3.8,100.0,100.0,50.0,0.2,21.895003,0.00372,17.125804,21.908799,0.580889,0.072571,0.063011,0.055136
93.0,3.8,100.0,100.0,50.0,0.3,19.707271,0.00507,13.118062,19.598954,0.593889,0.072571,0.549631,0.082704
93.0,3.8,100.0,100.0,50.0,0.4,19.375808,0.00676,11.19289,19.064498,0.608889,0.072571,1.606694,0.110272
93.0,3.8,100.0,100.0,50.0,0.5,19.823886,0.00902,10.095769,19.267377,0.622001,0.072571,2.807265,0.13784
93.0,4.2,100.0,100.0,50.0,0.2,23.220936,0.00396,17.922186,23.222419,0.582001,0.072571,0.006385,0.057966
93.0,4.2,100.0,100.0,50.0,0.3,20.704818,0.00541,13.51545,20.563341,0.595901,0.072571,0.683303,0.086948
93.0,4.2,100.0,100.0,50.0,0.4,20.269912,0.00727,11.426737,19.895031,0.611889,0.072571,1.849445,0.115931
93.0,4.2,100.0,100.0,50.0,0.5,20.675949,0.00984,10.246846,20.04568,0.624889,0.072571,3.048319,0.144914
93.0,4.6,100.0,100.0,50.0,0.2,24.487355,0.00419,18.673639,24.485997,0.582889,0.072571,0.005547,0.060663
93.0,4.6,100.0,100.0,50.0,0.3,21.671802,0.00575,13.884345,21.485067,0.598901,0.072571,0.86165,0.090995
93.0,4.6,100.0,100.0,50.0,0.4,21.132714,0.00779,11.64075,20.684785,0.615001,0.072571,2.119599,0.121326
93.0,4.6,100.0,100.0,50.0,0.5,21.476707,0.01066,10.383308,20.782964,0.626001,0.072571,3.230213,0.151658
93.0,5.0,100.0,100.0,50.0,0.2,25.716239,0.00442,19.384667,25.703646,0.583989,0.072571,0.04897,0.063246
93.0,5.0,100.0,100.0,50.0,0.3,22.594337,0.00608,14.228206,22.36839,0.601001,0.072571,1.000016,0.094868
93.0,5.0,100.0,100.0,50.0,0.4,21.936957,0.00831,11.837591,21.438165,0.616989,0.072571,2.273751,0.126491
93.0,5.0,100.0,100.0,50.0,0.5,22.285448,0.01151,10.507265,21.483875,0.630889,0.072571,3.596846,0.158114
94.0,0.2,100.0,100.0,50.0,0.2,4.339661,0.00062,4.214369,4.339368,0.584001,0.061875,0.006763,0.012649
94.0,0.2,100.0,100.0,50.0,0.3,5.287738,0.0009,4.887793,5.288212,0.581889,0.061875,0.008957,0.018974
94.0,0.2,100.0,100.0,50.0,0.4,5.965346,0.00118,5.240488,5.965307,0.582889,0.061875,0.00065,0.025298
94.0,0.2,100.0,100.0,50.0,0.5,6.508546,0.00145,5.446486,6.509666,0.581901,0.061875,0.017209,0.031623
94.0,0.6,100.0,100.0,50.0,0.2,7.535318,0.00118,6.853744,7.537819,0.580001,0.061875,0.033196,0.021909
94.0,0.6,100.0,100.0,50.0,0.3,8.107217,0.00165,6.766377,8.110244,0.581001,0.061875,0.03734,0.032863
94.0,0.6,100.0,100.0,50.0,0.4,8.628799,0.00211,6.654508,8.633094,0.581001,0.061875,0.049778,0.043818
94.0,0.6,100.0,100.0,50.0,0.5,9.162247,0.00259,6.562298,9.155984,0.584001,0.061875,0.068355,0.054772
94.0,1.0,100.0,100.0,50.0,0.2,9.765425,0.0016,8.498453,9.76586,0.582001,0.061875,0.004459,0.028284
94.0,1.0,100.0,100.0,50.0,0.3,9.955938,0.0022,7.802282,9.968394,0.578889,0.061875,0.125109,0.042426
94.0,1.0,100.0,100.0,50.0,0.4,10.380726,0.00281,7.382253,10.370175,0.584889,0.061875,0.101644,0.056569
94.0,1.0,100.0,100.0,50.0,0.5,10.949878,0.00348,7.109272,10.880888,0.594001,0.061875,0.630052,0.070711
94.0,1.4,100.0,100.0,50.0,0.2,11.652354,0.00196,9.806361,11.655041,0.581889,0.061875,0.023061,0.033466
94.0,1.4,100.0,100.0,50.0,0.3,11.504624,0.00267,8.577592,11.501396,0.583001,0.061875,0.028057,0.0502
94.0,1.4,100.0,100.0,50.0,0.4,11.835951,0.00343,7.905833,11.787108,0.590889,0.061875,0.412666,0.066933
94.0,1.4,100.0,100.0,50.0,0.5,12.421964,0.00428,7.490841,12.279089,0.601889,0.061875,1.150181,0.083666
94.0,1.8,100.0,100.0,50.0,0.2,13.347657,0.00229,10.930989,13.357586,0.579889,0.061875,0.074389,0.037947
94.0,1.8,100.0,100.0,50.0,0.3,12.867291,0.0031,9.216025,12.855228,0.584889,0.061875,0.093752,0.056921
94.0,1.8,100.0,100.0,50.0,0.4,13.130042,0.004,8.324122,13.024887,0.597001,0.061875,0.800874,0.075895
94.0,1.8,100.0,100.0,50.0,0.5,13.723314,0.00505,7.788248,13.491724,0.608889,0.061875,1.687568,0.094868
94.0,2.2,100.0,100.0,50.0,0.2,14.929516,0.0026,11.934222,14.935175,0.581001,0.061875,0.037906,0.041952
94.0,2.2,100.0,100.0,50.0,0.3,14.126841,0.0035,9.766317,14.089373,0.588001,0.061875,0.265223,0.062929
94.0,2.2,100.0,100.0,50.0,0.4,14.314782,0.00454,8.675682,14.142081,0.603001,0.061875,1.206451,0.083905
94.0,2.2,100.0,100.0,50.0,0.5,14.892236,0.0058,8.032983,14.578612,0.613889,0.061875,2.105956,0.104881
94.0,2.6,100.0,100.0,50.0,0.2,16.413733,0.00288,12.847864,16.419311,0.581889,0.061875,0.033984,0.045607
94.0,2.6,100.0,100.0,50.0,0.3,15.314092,0.00389,10.253285,15.234719,0.593001,0.061875,0.5183,0.068411
94.0,2.6,100.0,100.0,50.0,0.4,15.395678,0.00507,8.980044,15.169643,0.606001,0.061875,1.468169,0.091214
94.0,2.6,100.0,100.0,50.0,0.5,15.98719,0.00655,8.240923,15.571849,0.619001,0.061875,2.597962,0.114018
94.0,3.0,100.0,100.0,50.0,0.2,17.828584,0.00315,13.690759,17.828444,0.582889,0.061875,0.000788,0.04899
94.0,3.0,100.0,100.0,50.0,0.3,16.417791,0.00425,10.691564,16.309705,0.595001,0.061875,0.658348,0.073485
94.0,3.0,100.0,100.0,50.0,0.4,16.4309,0.00559,9.24868,16.126342,0.611889,0.061875,1.853572,0.09798
94.0,3.0,100.0,100.0,50.0,0.5,17.003033,0.0073,8.421355,16.491125,0.623989,0.061875,3.010684,0.122474
94.0,3.4,100.0,100.0,50.0,0.2,19.181689,0.00341,14.475198,19.174424,0.583889,0.061875,0.037874,0.052154
94.0,3.4,100.0,100.0,50.0,0.3,17.48168,0.00461,11.090659,17.326404,0.599001,0.061875,0.888219,0.07823
94.0,3.4,100.0,100.0,50.0,0.4,17.387541,0.0061,9.489009,17.024629,0.614001,0.061875,2.087195,0.104307
94.0,3.4,100.0,100.0,50.0,0.5,17.965726,0.00807,8.58026,17.34963,0.628889,0.061875,3.429286,0.130384
94.0,3.8,100.0,100.0,50.0,0.2,20.478224,0.00366,15.209759,20.465401,0.584001,0.061875,0.062619,0.055136
94.0,3.8,100.0,100.0,50.0,0.3,18.495491,0.00496,11.457176,18.293264,0.602001,0.061875,1.093383,0.082704
94.0,3.8,100.0,100.0,50.0,0.4,18.325878,0.00662,9.706162,17.873317,0.619001,0.061875,2.469518,0.110272
94.0,3.8,100.0,100.0,50.0,0.5,18.863769,0.00884,8.721757,18.15676,0.631889,0.061875,3.747971,0.13784
94.0,4.2,100.0,100.0,50.0,0.2,21.735453,0.0039,15.900759,21.70728,0.585889,0.061875,0.129619,0.057966
94.0,4.2,100.0,100.0,50.0,0.3,19.467927,0.0053,11.795947,19.216497,0.605001,0.061875,1.291509,0.086948
94.0,4.2,100.0,100.0,50.0,0.4,19.202764,0.00713,9.903877,18.678945,0.621901,0.061875,2.727831,0.115931
94.0,4.2,100.0,100.0,50.0,0.5,19.733904,0.00966,8.848829,18.919531,0.635889,0.061875,4.126769,0.144914
94.0,4.6,100.0,100.0,50.0,0.2,22.954133,0.00413,16.553037,22.904529,0.587899,0.061875,0.216099,0.060663
94.0,4.6,100.0,100.0,50.0,0.3,20.398944,0.00563,12.110648,20.100855,0.607001,0.061875,1.461296,0.090995
94.0,4.6,100.0,100.0,50.0,0.4,20.033432,0.00763,10.08498,19.446553,0.623991,0.061875,2.9295,0.121326
94.0,4.6,100.0,100.0,50.0,0.5,20.543418,0.01046,8.96372,19.643369,0.638001,0.061875,4.381203,0.151658
94.0,5.0,100.0,100.0,50.0,0.2,24.12981,0.00435,17.170429,24.060653,0.589001,0.061875,0.286603,0.063246
94.0,5.0,100.0,100.0,50.0,0.3,21.291144,0.00596,12.404164,20.950092,0.609001,0.061875,1.601848,0.094868
94.0,5.0,100.0,100.0,50.0,0.4,20.860236,0.00816,10.251674,20.18014,0.627901,0.061875,3.26025,0.126491
94.0,5.0,100.0,100.0,50.0,0.5,21.332971,0.01131,9.068169,20.332593,0.641001,0.061875,4.689351,0.158114
95.0,0.2,100.0,100.0,50.0,0.2,4.145674,0.00062,3.950874,4.146066,0.581001,0.051293,0.009461,0.012649
95.0,0.2,100.0,100.0,50.0,0.3,4.907816,0.00089,4.397503,4.907089,0.583889,0.051293,0.014806,0.018974
95.0,0.2,100.0,100.0,50.0,0.4,5.460383,0.00115,4.6111,5.461994,0.581001,0.051293,0.029506,0.025298
95.0,0.2,100.0,100.0,50.0,0.5,5.925582,0.00141,4.729512,5.926658,0.582001,0.051293,0.018161,0.031623
95.0,0.6,100.0,100.0,50.0,0.2,6.982227,0.00116,6.137177,6.983791,0.581001,0.051293,0.022399,0.021909
95.0,0.6,100.0,100.0,50.0,0.3,7.399127,0.00161,5.88766,7.404871,0.580001,0.051293,0.07763,0.032863
95.0,0.6,100.0,100.0,50.0,0.4,7.865248,0.00205,5.711538,7.861856,0.583889,0.051293,0.043131,0.043818
95.0,0.6,100.0,100.0,50.0,0.5,8.384633,0.00251,5.588741,8.35097,0.590001,0.051293,0.40148,0.054772
95.0,1.0,100.0,100.0,50.0,0.2,8.982662,0.00157,7.501373,8.989446,0.579889,0.051293,0.075526,0.028284
95.0,1.0,100.0,100.0,50.0,0.3,9.100969,0.00214,6.723362,9.098958,0.583001,0.051293,0.022102,0.042426
95.0,1.0,100.0,100.0,50.0,0.4,9.523483,0.00272,6.291176,9.475891,0.592001,0.051293,0.499735,0.056569
95.0,1.0,100.0,100.0,50.0,0.5,10.101991,0.00337,6.021069,9.980289,0.602001,0.051293,1.204735,0.070711
95.0,1.4,100.0,100.0,50.0,0.2,10.702008,0.00193,8.592201,10.710265,0.580001,0.051293,0.077154,0.033466
95.0,1.4,100.0,100.0,50.0,0.3,10.543789,0.0026,7.354873,10.517048,0.588001,0.051293,0.253616,0.0502
95.0,1.4,100.0,100.0,50.0,0.4,10.925697,0.00332,6.712921,10.810691,0.600889,0.051293,1.052622,0.066933
95.0,1.4,100.0,100.0,50.0,0.5,11.544267,0.00416,6.326316,11.31713,0.611989,0.051293,1.967533,0.083666
95.0,1.8,100.0,100.0,50.0,0.2,12.270539,0.00225,9.533589,12.273861,0.581889,0.051293,0.027073,0.037947
95.0,1.8,100.0,100.0,50.0,0.3,11.843005,0.00302,7.877841,11.780734,0.593001,0.051293,0.525807,0.056921
95.0,1.8,100.0,100.0,50.0,0.4,12.171609,0.00388,7.052059,11.986333,0.606989,0.051293,1.522199,0.075895
95.0,1.8,100.0,100.0,50.0,0.5,12.826185,0.00492,6.565901,12.484832,0.619901,0.051293,2.661375,0.094868
95.0,2.2,100.0,100.0,50.0,0.2,13.738364,0.00254,10.3754,13.731645,0.583901,0.051293,0.048904,0.041952
95.0,2.2,100.0,100.0,50.0,0.3,13.047823,0.00341,8.330264,12.940096,0.597899,0.051293,0.825635,0.062929
95.0,2.2,100.0,100.0,50.0,0.4,13.313712,0.00442,7.338307,13.053533,0.612001,0.051293,1.954219,0.083905
95.0,2.2,100.0,100.0,50.0,0.5,14.002162,0.00567,6.763957,13.53662,0.627001,0.051293,3.324785,0.104881
95.0,2.6,100.0,100.0,50.0,0.2,15.125361,0.00282,11.143329,15.109821,0.585001,0.051293,0.102743,0.045607
95.0,2.6,100.0,100.0,50.0,0.3,14.167302,0.00378,8.731648,14.021354,0.600889,0.051293,1.030174,0.068411
95.0,2.6,100.0,100.0,50.0,0.4,14.392553,0.00494,7.586866,14.039401,0.618001,0.051293,2.453714,0.091214
95.0,2.6,100.0,100.0,50.0,0.5,15.069106,0.0064,6.93278,14.501388,0.631001,0.051293,3.76743,0.114018
95.0,3.0,100.0,100.0,50.0,0.2,16.453859,0.00309,11.85266,16.423709,0.587001,0.051293,0.183237,0.04899
95.0,3.0,100.0,100.0,50.0,0.3,15.251599,0.00415,9.093576,15.040264,0.605999,0.051293,1.38566,0.073485
95.0,3.0,100.0,100.0,50.0,0.4,15.400183,0.00546,7.806733,14.960515,0.622889,0.051293,2.854954,0.09798
95.0,3.0,100.0,100.0,50.0,0.5,16.081107,0.00714,7.079624,15.397014,0.636001,0.051293,4.254019,0.122474
95.0,3.4,100.0,100.0,50.0,0.2,17.729745,0.00334,12.5134,17.683138,0.588889,0.051293,0.262872,0.052154
95.0,3.4,100.0,100.0,50.0,0.3,16.268841,0.00449,9.423615,16.007193,0.608889,0.051293,1.608278,0.07823
95.0,3.4,100.0,100.0,50.0,0.4,16.353668,0.00596,8.003766,15.827949,0.626889,0.051293,3.214685,0.104307
95.0,3.4,100.0,100.0,50.0,0.5,17.023679,0.00791,7.209189,16.235549,0.639889,0.051293,4.629608,0.130384
95.0,3.8,100.0,100.0,50.0,0.2,18.973473,0.00359,13.132564,18.894854,0.591889,0.051293,0.414364,0.055136
95.0,3.8,100.0,100.0,50.0,0.3,17.255184,0.00484,9.727052,16.929426,0.612889,0.051293,1.887887,0.082704
95.0,3.8,100.0,100.0,50.0,0.4,17.265002,0.00647,8.182038,16.649581,0.630001,0.051293,3.564559,0.110272
95.0,3.8,100.0,100.0,50.0,0.5,17.91502,0.00868,7.324732,17.025629,0.642889,0.051293,4.964499,0.13784
95.0,4.2,100.0,100.0,50.0,0.2,20.169372,0.00382,13.715332,20.063739,0.593889,0.051293,0.523732,0.057966
95.0,4.2,100.0,100.0,50.0,0.3,18.197762,0.00517,10.00777,17.812339,0.615001,0.051293,2.117967,0.086948
95.0,4.2,100.0,100.0,50.0,0.4,18.124353,0.00697,8.344529,17.431284,0.6329,0.051293,3.823967,0.115931
95.0,4.2,100.0,100.0,50.0,0.5,18.784852,0.00948,7.428623,17.773724,0.646901,0.051293,5.382676,0.144914
95.0,4.6,100.0,100.0,50.0,0.2,21.335717,0.00405,14.265686,21.193483,0.596889,0.051293,0.666648,0.060663
95.0,4.6,100.0,100.0,50.0,0.3,19.101593,0.0055,10.268733,18.660061,0.617889,0.051293,2.311491,0.090995
95.0,4.6,100.0,100.0,50.0,0.4,18.974811,0.00748,8.493501,18.177602,0.637001,0.051293,4.201406,0.121326
95.0,4.6,100.0,100.0,50.0,0.5,19.581404,0.01028,7.52265,18.484861,0.648889,0.051293,5.599922,0.151658
95.0,5.0,100.0,100.0,50.0,0.2,22.459456,0.00427,14.786792,22.286979,0.598001,0.051293,0.767948,0.063246
95.0,5.0,100.0,100.0,50.0,0.3,19.993688,0.00582,10.512278,19.475861,0.621001,0.051293,2.589951,0.094868
95.0,5.0,100.0,100.0,50.0,0.4,19.759432,0.00798,8.630726,18.892156,0.638889,0.051293,4.389172,0.126491
95.0,5.0,100.0,100.0,50.0,0.5,20.362086,0.01111,7.608206,19.163051,0.651001,0.051293,5.888567,0.158114
96.0,0.2,100.0,100.0,50.0,0.2,3.849737,0.00061,3.559627,3.850289,0.581001,0.040822,0.014348,0.012649
96.0,0.2,100.0,100.0,50.0,0.3,4.426885,0.00087,3.792265,4.427521,0.581901,0.040822,0.014372,0.018974
96.0,0.2,100.0,100.0,50.0,0.4,4.871796,0.00111,3.889179,4.876566,0.579001,0.040822,0.097907,0.025298
96.0,0.2,100.0,100.0,50.0,0.5,5.275787,0.00135,3.937872,5.275843,0.582889,0.040822,0.001066,0.031623
96.0,0.6,100.0,100.0,50.0,0.2,6.302279,0.00114,5.27224,6.30512,0.580889,0.040822,0.045084,0.021909
96.0,0.6,100.0,100.0,50.0,0.3,6.617088,0.00155,4.913818,6.615514,0.583001,0.040822,0.023794,0.032863
96.0,0.6,100.0,100.0,50.0,0.4,7.062226,0.00197,4.702928,7.03095,0.591001,0.040822,0.442867,0.043818
96.0,0.6,100.0,100.0,50.0,0.5,7.586652,0.00241,4.566917,7.501182,0.601001,0.040822,1.126588,0.054772
96.0,1.0,100.0,100.0,50.0,0.2,8.080152,0.00153,6.353492,8.086346,0.580001,0.040822,0.07666,0.028284
96.0,1.0,100.0,100.0,50.0,0.3,8.181786,0.00206,5.558708,8.153868,0.589889,0.040822,0.341218,0.042426
96.0,1.0,100.0,100.0,50.0,0.4,8.638587,0.00263,5.144662,8.531219,0.603001,0.040822,1.242884,0.056569
96.0,1.0,100.0,100.0,50.0,0.5,9.261289,0.00326,4.893868,9.043491,0.616001,0.040822,2.351701,0.070711
96.0,1.4,100.0,100.0,50.0,0.2,9.640475,0.00187,7.224953,9.637782,0.583001,0.040822,0.027939,0.033466
96.0,1.4,100.0,100.0,50.0,0.3,9.538982,0.00251,6.05164,9.462035,0.597001,0.040822,0.806659,0.0502
96.0,1.4,100.0,100.0,50.0,0.4,9.989506,0.00321,5.470242,9.789231,0.612889,0.040822,2.004858,0.066933
96.0,1.4,100.0,100.0,50.0,0.5,10.672833,0.00403,5.127882,10.323803,0.625989,0.040822,3.270269,0.083666
96.0,1.8,100.0,100.0,50.0,0.2,11.078601,0.00218,7.980469,11.06137,0.586001,0.040822,0.155531,0.037947
96.0,1.8,100.0,100.0,50.0,0.3,10.777719,0.00292,6.462453,10.638937,0.604001,0.040822,1.287679,0.056921
96.0,1.8,100.0,100.0,50.0,0.4,11.20674,0.00376,5.733939,10.906326,0.620001,0.040822,2.680651,0.075895
96.0,1.8,100.0,100.0,50.0,0.5,11.928615,0.00477,5.312965,11.449783,0.633001,0.040822,4.014146,0.094868
96.0,2.2,100.0,100.0,50.0,0.2,12.432047,0.00247,8.658012,12.398197,0.588889,0.040822,0.272279,0.041952
96.0,2.2,100.0,100.0,50.0,0.3,11.931283,0.0033,6.819283,11.725963,0.609999,0.040822,1.720856,0.062929
96.0,2.2,100.0,100.0,50.0,0.4,12.337178,0.00429,5.957534,11.926162,0.627001,0.040822,3.33152,0.083905
96.0,2.2,100.0,100.0,50.0,0.5,13.083269,0.0055,5.466721,12.468806,0.639889,0.040822,4.696559,0.104881
96.0,2.6,100.0,100.0,50.0,0.2,13.737825,0.00275,9.277287,13.669206,0.593001,0.040822,0.499491,0.045607
96.0,2.6,100.0,100.0,50.0,0.3,13.019763,0.00367,7.13673,12.745013,0.614889,0.040822,2.110254,0.068411
96.0,2.6,100.0,100.0,50.0,0.4,13.373292,0.0048,6.152306,12.872373,0.631001,0.040822,3.745667,0.091214
96.0,2.6,100.0,100.0,50.0,0.5,14.147732,0.00623,5.598233,13.406901,0.644001,0.040822,5.236392,0.114018
96.0,3.0,100.0,100.0,50.0,0.2,14.992197,0.00301,9.850093,14.886631,0.596889,0.040822,0.704142,0.04899
96.0,3.0,100.0,100.0,50.0,0.3,14.064841,0.00402,7.423543,13.709345,0.619889,0.040822,2.527549,0.073485
96.0,3.0,100.0,100.0,50.0,0.4,14.363839,0.00531,6.324996,13.759543,0.635889,0.040822,4.207064,0.09798
96.0,3.0,100.0,100.0,50.0,0.5,15.15211,0.00698,5.712914,14.280314,0.649001,0.040822,5.753625,0.122474
96.0,3.4,100.0,100.0,50.0,0.2,16.206765,0.00326,10.384201,16.058303,0.600001,0.040822,0.916049,0.052154
96.0,3.4,100.0,100.0,50.0,0.3,15.047025,0.00437,7.68548,14.627736,0.622889,0.040822,2.786527,0.07823
96.0,3.4,100.0,100.0,50.0,0.4,15.319803,0.00581,6.480027,14.597482,0.641001,0.040822,4.714948,0.104307
96.0,3.4,100.0,100.0,50.0,0.5,16.09836,0.00773,5.8143,15.100066,0.653001,0.040822,6.201216,0.130384
96.0,3.8,100.0,100.0,50.0,0.2,17.380625,0.0035,10.885086,17.189585,0.603001,0.040822,1.099155,0.055136
96.0,3.8,100.0,100.0,50.0,0.3,16.007824,0.0047,7.926586,15.506378,0.626001,0.040822,3.132509,0.082704
96.0,3.8,100.0,100.0,50.0,0.4,16.213755,0.00631,6.620493,15.393208,0.644001,0.040822,5.060809,0.110272
96.0,3.8,100.0,100.0,50.0,0.5,16.9893,0.00848,5.904853,15.874091,0.656001,0.040822,6.564183,0.13784
96.0,4.2,100.0,100.0,50.0,0.2,18.523138,0.00373,11.356812,18.284348,0.605901,0.040822,1.289143,0.057966
96.0,4.2,100.0,100.0,50.0,0.3,16.933072,0.00503,8.149849,16.349861,0.629899,0.040822,3.444211,0.086948
96.0,4.2,100.0,100.0,50.0,0.4,17.079353,0.00681,6.748671,16.151977,0.647889,0.040822,5.42981,0.115931
96.0,4.2,100.0,100.0,50.0,0.5,17.837473,0.00927,5.986378,16.608364,0.658889,0.040822,6.890602,0.144914
96.0,4.6,100.0,100.0,50.0,0.2,19.632335,0.00395,11.802513,19.345512,0.608001,0.040822,1.460972,0.060663
96.0,4.6,100.0,100.0,50.0,0.3,17.837764,0.00536,8.35756,17.161722,0.633889,0.040822,3.789948,0.090995
96.0,4.6,100.0,100.0,50.0,0.4,17.88618,0.0073,6.866294,16.877872,0.649001,0.040822,5.63736,0.121326
96.0,4.6,100.0,100.0,50.0,0.5,18.636199,0.01006,6.060239,17.307539,0.660889,0.040822,7.12946,0.151658
96.0,5.0,100.0,100.0,50.0,0.2,20.722975,0.00417,12.224692,20.375362,0.611889,0.040822,1.67743,0.063246
96.0,5.0,100.0,100.0,50.0,0.3,18.706399,0.00568,8.551529,17.944769,0.636889,0.040822,4.071493,0.094868
96.0,5.0,100.0,100.0,50.0,0.4,18.684652,0.00781,6.974727,17.574158,0.652001,0.040822,5.943349,0.126491
96.0,5.0,100.0,100.0,50.0,0.5,19.421175,0.01093,6.127506,17.975345,0.663001,0.040822,7.444605,0.158114
97.0,0.2,100.0,100.0,50.0,0.2,3.417485,0.0006,3.00417,3.418236,0.581001,0.030459,0.021964,0.012649
97.0,0.2,100.0,100.0,50.0,0.3,3.834457,0.00084,3.059563,3.836234,0.581001,0.030459,0.046343,0.018974
97.0,0.2,100.0,100.0,50.0,0.4,4.204626,0.00106,3.070103,4.203374,0.583001,0.030459,0.029782,0.025298
97.0,0.2,100.0,100.0,50.0,0.5,4.569181,0.00129,3.069877,4.554666,0.588889,0.030459,0.317682,0.031623
97.0,0.6,100.0,100.0,50.0,0.2,5.48503,0.0011,4.242068,5.485429,0.582001,0.030459,0.007268,0.021909
97.0,0.6,100.0,100.0,50.0,0.3,5.762732,0.00148,3.841121,5.737884,0.591001,0.030459,0.431189,0.032863
97.0,0.6,100.0,100.0,50.0,0.4,6.223183,0.00188,3.627898,6.139116,0.604001,0.030459,1.350869,0.043818
97.0,0.6,100.0,100.0,50.0,0.5,6.774519,0.00231,3.496892,6.606334,0.617001,0.030459,2.482617,0.054772
97.0,1.0,100.0,100.0,50.0,0.2,7.056221,0.00147,5.042014,7.044392,0.586001,0.030459,0.167635,0.028284
97.0,1.0,100.0,100.0,50.0,0.3,7.221451,0.00197,4.306009,7.130485,0.603001,0.030459,1.259669,0.042426
97.0,1.0,100.0,100.0,50.0,0.4,7.745834,0.00252,3.942421,7.535572,0.620001,0.030459,2.714513,0.056569
97.0,1.0,100.0,100.0,50.0,0.5,8.405395,0.00313,3.727879,8.070492,0.632001,0.030459,3.984379,0.070711
97.0,1.4,100.0,100.0,50.0,0.2,8.463322,0.0018,5.693403,8.427203,0.591001,0.030459,0.426768,0.033466
97.0,1.4,100.0,100.0,50.0,0.3,8.504486,0.0024,4.666111,8.334372,0.612889,0.030459,2.000286,0.0502
97.0,1.4,100.0,100.0,50.0,0.4,9.058144,0.00309,4.177659,8.722381,0.630001,0.030459,3.706753,0.066933
97.0,1.4,100.0,100.0,50.0,0.5,9.802853,0.0039,3.895767,9.299186,0.642889,0.030459,5.137966,0.083666
97.0,1.8,100.0,100.0,50.0,0.2,9.790945,0.0021,6.2612,9.710685,0.597989,0.030459,0.819735,0.037947
97.0,1.8,100.0,100.0,50.0,0.3,9.686121,0.0028,4.968352,9.4282,0.620001,0.030459,2.662789,0.056921
97.0,1.8,100.0,100.0,50.0,0.4,10.246185,0.00363,4.369688,9.784637,0.637999,0.030459,4.504584,0.075895
97.0,1.8,100.0,100.0,50.0,0.5,11.053324,0.00463,4.029664,10.386683,0.650889,0.030459,6.031132,0.094868
97.0,2.2,100.0,100.0,50.0,0.2,11.063947,0.00238,6.772068,10.925991,0.604889,0.030459,1.246899,0.041952
97.0,2.2,100.0,100.0,50.0,0.3,10.80342,0.00318,5.232022,10.445552,0.627889,0.030459,3.312543,0.062929
97.0,2.2,100.0,100.0,50.0,0.4,11.349445,0.00415,4.533318,10.759804,0.644001,0.030459,5.195329,0.083905
97.0,2.2,100.0,100.0,50.0,0.5,12.191079,0.00535,4.141485,11.375285,0.655991,0.030459,6.691725,0.104881
97.0,2.6,100.0,100.0,50.0,0.2,12.277735,0.00265,7.240009,12.08902,0.608889,0.030459,1.53705,0.045607
97.0,2.6,100.0,100.0,50.0,0.3,11.848949,0.00354,5.467283,11.404417,0.631889,0.030459,3.75166,0.068411
97.0,2.6,100.0,100.0,50.0,0.4,12.379685,0.00466,4.676335,11.668434,0.649001,0.030459,5.745306,0.091214
97.0,2.6,100.0,100.0,50.0,0.5,13.247396,0.00608,4.237478,12.288509,0.660001,0.030459,7.238309,0.114018
97.0,3.0,100.0,100.0,50.0,0.2,13.458033,0.00291,7.673491,13.20904,0.612889,0.030459,1.850143,0.04899
97.0,3.0,100.0,100.0,50.0,0.3,12.860009,0.00389,5.68029,12.315774,0.636889,0.030459,4.231995,0.073485
97.0,3.0,100.0,100.0,50.0,0.4,13.351595,0.00515,4.80345,12.523326,0.653001,0.030459,6.20352,0.09798
97.0,3.0,100.0,100.0,50.0,0.5,14.23669,0.0068,4.32141,13.141146,0.663901,0.030459,7.695215,0.122474
97.0,3.4,100.0,100.0,50.0,0.2,14.609881,0.00315,8.078132,14.291957,0.617001,0.030459,2.176092,0.052154
97.0,3.4,100.0,100.0,50.0,0.3,13.833786,0.00423,5.87513,13.186935,0.641001,0.030459,4.675877,0.07823
97.0,3.4,100.0,100.0,50.0,0.4,14.280138,0.00565,4.917777,13.333147,0.656889,0.030459,6.631528,0.104307
97.0,3.4,100.0,100.0,50.0,0.5,15.179844,0.00755,4.395762,13.943295,0.667889,0.030459,8.145996,0.130384
97.0,3.8,100.0,100.0,50.0,0.2,15.731241,0.00339,8.457919,15.341791,0.620889,0.030459,2.475648,0.055136
97.0,3.8,100.0,100.0,50.0,0.3,14.766775,0.00456,6.054696,14.023083,0.644889,0.030459,5.036249,0.082704
97.0,3.8,100.0,100.0,50.0,0.4,15.173004,0.00614,5.021516,14.104129,0.660001,0.030459,7.044585,0.110272
97.0,3.8,100.0,100.0,50.0,0.5,16.062428,0.00829,4.462279,14.702258,0.670001,0.030459,8.468022,0.13784
97.0,4.2,100.0,100.0,50.0,0.2,16.823716,0.00362,8.815826,16.361429,0.624001,0.030459,2.747827,0.057966
97.0,4.2,100.0,100.0,50.0,0.3,15.675799,0.00489,6.221135,14.828075,0.648001,0.030459,5.407855,0.086948
97.0,4.2,100.0,100.0,50.0,0.4,16.018269,0.00663,5.11629,14.840963,0.662889,0.030459,7.349769,0.115931
97.0,4.2,100.0,100.0,50.0,0.5,16.90934,0.00907,4.522242,15.423557,0.672889,0.030459,8.786761,0.144914
97.0,4.6,100.0,100.0,50.0,0.2,17.895463,0.00384,9.154161,17.353038,0.627889,0.030459,3.031077,0.060663
97.0,4.6,100.0,100.0,50.0,0.3,16.552327,0.00521,6.376103,15.604888,0.651001,0.030459,5.7239,0.090995
97.0,4.6,100.0,100.0,50.0,0.4,16.845554,0.00713,5.203345,15.547307,0.665901,0.030459,7.706763,0.121326
97.0,4.6,100.0,100.0,50.0,0.5,17.737883,0.0099,4.576628,16.111506,0.675989,0.030459,9.168945,0.151658
97.0,5.0,100.0,100.0,50.0,0.2,18.936946,0.00405,9.474772,18.318304,0.630001,0.030459,3.266853,0.063246
97.0,5.0,100.0,100.0,50.0,0.3,17.397943,0.00553,6.520914,16.355901,0.653889,0.030459,5.989457,0.094868
97.0,5.0,100.0,100.0,50.0,0.4,17.607561,0.00762,5.283662,16.226095,0.666889,0.030459,7.845868,0.126491
97.0,5.0,100.0,100.0,50.0,0.5,18.484094,0.0107,4.626204,16.769574,0.676001,0.030459,9.275651,0.158114
98.0,0.2,100.0,100.0,50.0,0.2,2.811361,0.00057,2.247674,2.813837,0.579889,0.020203,0.088074,0.012649
98.0,0.2,100.0,100.0,50.0,0.3,3.12618,0.00078,2.188607,3.121031,0.586001,0.020203,0.164693,0.018974
98.0,0.2,100.0,100.0,50.0,0.4,3.466249,0.00099,2.150309,3.437607,0.596889,0.020203,0.826302,0.025298
98.0,0.2,100.0,100.0,50.0,0.5,3.830832,0.0012,2.124447,3.761097,0.609889,0.020203,1.820355,0.031623
98.0,0.6,100.0,100.0,50.0,0.2,4.529818,0.00103,3.030267,4.508421,0.592001,0.020203,0.472349,0.021909
98.0,0.6,100.0,100.0,50.0,0.3,4.864212,0.00139,2.666327,4.768094,0.612001,0.020203,1.976025,0.032863
98.0,0.6,100.0,100.0,50.0,0.4,5.382347,0.00177,2.485906,5.185312,0.629889,0.020203,3.660767,0.043818
98.0,0.6,100.0,100.0,50.0,0.5,5.967893,0.00219,2.378851,5.666258,0.641889,0.020203,5.054302,0.054772
98.0,1.0,100.0,100.0,50.0,0.2,5.923846,0.00139,3.55425,5.851384,0.603001,0.020203,1.223226,0.028284
98.0,1.0,100.0,100.0,50.0,0.3,6.240531,0.00186,2.963185,6.026368,0.627901,0.020203,3.431808,0.042426
98.0,1.0,100.0,100.0,50.0,0.4,6.849988,0.0024,2.684269,6.488466,0.643989,0.020203,5.277703,0.056569
98.0,1.0,100.0,100.0,50.0,0.5,7.583108,0.003,2.523362,7.06134,0.656889,0.020203,6.880661,0.070711
98.0,1.4,100.0,100.0,50.0,0.2,7.215745,0.00171,3.986277,7.068027,0.614001,0.020203,2.047169,0.033466
98.0,1.4,100.0,100.0,50.0,0.3,7.466234,0.00228,3.196644,7.132199,0.637891,0.020203,4.473939,0.0502
98.0,1.4,100.0,100.0,50.0,0.4,8.136733,0.00296,2.835094,7.609857,0.654001,0.020203,6.475272,0.066933
98.0,1.4,100.0,100.0,50.0,0.5,8.957674,0.00375,2.630227,8.243385,0.665,0.020203,7.974043,0.083666
98.0,1.8,100.0,100.0,50.0,0.2,8.443292,0.002,4.365203,8.212213,0.622001,0.020203,2.736836,0.037947
98.0,1.8,100.0,100.0,50.0,0.3,8.605189,0.00268,3.394115,8.146972,0.645889,0.020203,5.324897,0.056921
98.0,1.8,100.0,100.0,50.0,0.4,9.296495,0.00349,2.959273,8.621075,0.660001,0.020203,7.265315,0.075895
98.0,1.8,100.0,100.0,50.0,0.5,10.186512,0.00447,2.716234,9.295658,0.670889,0.020203,8.745427,0.094868
98.0,2.2,100.0,100.0,50.0,0.2,9.619519,0.00227,4.707378,9.305994,0.627989,0.020203,3.259255,0.041952
98.0,2.2,100.0,100.0,50.0,0.3,9.682383,0.00305,3.567194,9.097501,0.652001,0.020203,6.040679,0.062929
98.0,2.2,100.0,100.0,50.0,0.4,10.376576,0.004,3.065646,9.554322,0.665001,0.020203,7.924139,0.083905
98.0,2.2,100.0,100.0,50.0,0.5,11.309175,0.00519,2.788467,10.256189,0.674889,0.020203,9.3109,0.104881
98.0,2.6,100.0,100.0,50.0,0.2,10.770871,0.00253,5.021538,10.360607,0.634001,0.020203,3.80901,0.045607
98.0,2.6,100.0,100.0,50.0,0.3,10.700138,0.0034,3.722107,9.998332,0.656001,0.020203,6.558847,0.068411
98.0,2.6,100.0,100.0,50.0,0.4,11.39683,0.0045,3.15895,10.427481,0.670001,0.020203,8.505429,0.091214
98.0,2.6,100.0,100.0,50.0,0.5,12.367078,0.0059,2.850716,11.146338,0.678889,0.020203,9.870888,0.114018
98.0,3.0,100.0,100.0,50.0,0.2,11.890848,0.00279,5.313036,11.382549,0.638901,0.020203,4.274708,0.04899
98.0,3.0,100.0,100.0,50.0,0.3,11.682374,0.00375,3.862678,10.85841,0.660889,0.020203,7.053049,0.073485
98.0,3.0,100.0,100.0,50.0,0.4,12.350107,0.00499,3.242092,11.251781,0.672889,0.020203,8.893248,0.09798
98.0,3.0,100.0,100.0,50.0,0.5,13.356293,0.00663,2.905296,11.979633,0.682001,0.020203,10.307205,0.122474
98.0,3.4,100.0,100.0,50.0,0.2,12.982203,0.00303,5.58546,12.375909,0.642901,0.020203,4.670191,0.052154
98.0,3.4,100.0,100.0,50.0,0.3,12.624846,0.00408,3.991472,11.683722,0.663889,0.020203,7.454535,0.07823
98.0,3.4,100.0,100.0,50.0,0.4,13.262565,0.00548,3.317016,12.034874,0.675001,0.020203,9.256818,0.104307
98.0,3.4,100.0,100.0,50.0,0.5,14.275567,0.00735,2.95375,12.765354,0.683889,0.020203,10.579003,0.130384
98.0,3.8,100.0,100.0,50.0,0.2,14.057124,0.00326,5.841377,13.343434,0.647001,0.020203,5.077068,0.055136
98.0,3.8,100.0,100.0,50.0,0.3,13.531826,0.00441,4.110322,12.478529,0.666001,0.020203,7.78385,0.082704
98.0,3.8,100.0,100.0,50.0,0.4,14.152527,0.00597,3.385103,12.782285,0.679001,0.020203,9.681961,0.110272
98.0,3.8,100.0,100.0,50.0,0.5,15.168575,0.00811,2.997171,13.510244,0.686889,0.020203,10.932676,0.13784
98.0,4.2,100.0,100.0,50.0,0.2,15.102399,0.00349,6.082714,14.287066,0.650001,0.020203,5.398698,0.057966
98.0,4.2,100.0,100.0,50.0,0.3,14.423002,0.00473,4.220594,13.246009,0.669889,0.020203,8.160525,0.086948
98.0,4.2,100.0,100.0,50.0,0.4,14.991423,0.00646,3.447383,13.498192,0.681001,0.020203,9.960572,0.115931
98.0,4.2,100.0,100.0,50.0,0.5,16.007822,0.00888,3.036367,14.219412,0.688001,0.020203,11.172101,0.144914
98.0,4.6,100.0,100.0,50.0,0.2,16.121048,0.00371,6.310977,15.208242,0.652889,0.020203,5.662201,0.060663
98.0,4.6,100.0,100.0,50.0,0.3,15.274229,0.00505,4.323351,13.988627,0.671889,0.020203,8.416801,0.090995
98.0,4.6,100.0,100.0,50.0,0.4,15.793814,0.00695,3.504647,14.185861,0.682889,0.020203,10.180901,0.121326
98.0,4.6,100.0,100.0,50.0,0.5,16.81539,0.00967,3.071958,14.896867,0.690001,0.020203,11.40933,0.151658
98.0,5.0,100.0,100.0,50.0,0.2,17.127571,0.00392,6.527375,16.108069,0.655889,0.020203,5.952403,0.063246
98.0,5.0,100.0,100.0,50.0,0.3,16.12155,0.00537,4.419438,14.708353,0.675001,0.020203,8.765887,0.094868
98.0,5.0,100.0,100.0,50.0,0.4,16.574661,0.00744,3.557522,14.847924,0.684889,0.020203,10.41793,0.126491
98.0,5.0,100.0,100.0,50.0,0.5,17.573317,0.01046,3.104431,15.545836,0.690989,0.020203,11.537267,0.158114
99.0,0.2,100.0,100.0,50.0,0.2,2.018423,0.00051,1.255927,2.001499,0.597001,0.01005,0.838481,0.012649
99.0,0.2,100.0,100.0,50.0,0.3,2.336196,0.0007,1.170793,2.271339,0.620001,0.01005,2.77619,0.018974
99.0,0.2,100.0,100.0,50.0,0.4,2.698655,0.0009,1.127367,2.575415,0.637001,0.01005,4.566715,0.025298
99.0,0.2,100.0,100.0,50.0,0.5,3.082164,0.0011,1.101113,2.893666,0.649889,0.01005,6.115775,0.031623
99.0,0.6,100.0,100.0,50.0,0.2,3.48523,0.00094,1.621164,3.358187,0.630001,0.01005,3.645185,0.021909
99.0,0.6,100.0,100.0,50.0,0.3,3.953421,0.00128,1.386699,3.702691,0.652889,0.01005,6.342113,0.032863
99.0,0.6,100.0,100.0,50.0,0.4,4.546389,0.00166,1.276638,4.168713,0.666889,0.01005,8.307155,0.043818
99.0,0.6,100.0,100.0,50.0,0.5,5.181441,0.00207,1.213088,4.680897,0.675001,0.01005,9.660318,0.054772
99.0,1.0,100.0,100.0,50.0,0.2,4.746922,0.00128,1.877681,4.495175,0.645889,0.01005,5.303363,0.028284
99.0,1.0,100.0,100.0,50.0,0.3,5.2621,0.00174,1.528388,4.839289,0.665889,0.01005,8.035031,0.042426
99.0,1.0,100.0,100.0,50.0,0.4,5.977745,0.00226,1.370124,5.389518,0.677001,0.01005,9.840275,0.056569
99.0,1.0,100.0,100.0,50.0,0.5,6.770533,0.00286,1.280621,6.016131,0.685889,0.01005,11.142427,0.070711
99.0,1.4,100.0,100.0,50.0,0.2,5.931846,0.00159,2.092257,5.549666,0.655889,0.01005,6.442846,0.033466
99.0,1.4,100.0,100.0,50.0,0.3,6.442592,0.00215,1.641732,5.853781,0.673989,0.01005,9.139342,0.0502
99.0,1.4,100.0,100.0,50.0,0.4,7.233564,0.00282,1.442529,6.451435,0.684001,0.01005,10.812494,0.066933
99.0,1.4,100.0,100.0,50.0,0.5,8.1269,0.0036,1.331539,7.156534,0.690889,0.01005,11.940173,0.083666
99.0,1.8,100.0,100.0,50.0,0.2,7.071071,0.00187,2.281756,6.556212,0.662889,0.01005,7.281197,0.037947
99.0,1.8,100.0,100.0,50.0,0.3,7.537329,0.00254,1.738413,6.793782,0.679001,0.01005,9.864858,0.056921
99.0,1.8,100.0,100.0,50.0,0.4,8.371678,0.00334,1.502698,7.415492,0.688001,0.01005,11.421676,0.075895
99.0,1.8,100.0,100.0,50.0,0.5,9.341356,0.00431,1.372925,8.176848,0.694001,0.01005,12.46616,0.094868
99.0,2.2,100.0,100.0,50.0,0.2,8.18083,0.00214,2.453552,7.52899,0.668889,0.01005,7.967894,0.041952
99.0,2.2,100.0,100.0,50.0,0.3,8.574011,0.0029,1.823575,7.680508,0.683001,0.01005,10.421063,0.062929
99.0,2.2,100.0,100.0,50.0,0.4,9.438283,0.00385,1.554528,8.309607,0.692001,0.01005,11.958484,0.083905
99.0,2.2,100.0,100.0,50.0,0.5,10.457919,0.00502,1.407894,9.111656,0.696889,0.01005,12.873149,0.104881
99.0,2.6,100.0,100.0,50.0,0.2,9.260926,0.0024,2.611679,8.475104,0.672889,0.01005,8.485347,0.045607
99.0,2.6,100.0,100.0,50.0,0.3,9.56564,0.00325,1.900049,8.525571,0.686889,0.01005,10.872965,0.068411
99.0,2.6,100.0,100.0,50.0,0.4,10.430575,0.00434,1.600161,9.14943,0.694001,0.01005,12.282594,0.091214
99.0,2.6,100.0,100.0,50.0,0.5,11.490703,0.00573,1.438153,9.980523,0.698001,0.01005,13.142625,0.114018
99.0,3.0,100.0,100.0,50.0,0.2,10.319576,0.00265,2.758652,9.398547,0.676001,0.01005,8.925064,0.04899
99.0,3.0,100.0,100.0,50.0,0.3,10.521214,0.00359,1.969604,9.336149,0.689889,0.01005,11.263578,0.073485
99.0,3.0,100.0,100.0,50.0,0.4,11.371039,0.00483,1.640934,9.944842,0.695889,0.01005,12.542361,0.09798
99.0,3.0,100.0,100.0,50.0,0.5,12.475148,0.00644,1.464762,10.795903,0.700901,0.01005,13.460725,0.122474
99.0,3.4,100.0,100.0,50.0,0.2,11.354697,0.00288,2.896178,10.301741,0.679001,0.01005,9.273309,0.052154
99.0,3.4,100.0,100.0,50.0,0.3,11.442674,0.00393,2.033442,10.117055,0.691989,0.01005,11.58487,0.07823
99.0,3.4,100.0,100.0,50.0,0.4,12.282031,0.00531,1.67775,10.702607,0.698001,0.01005,12.859631,0.104307
99.0,3.4,100.0,100.0,50.0,0.5,13.409751,0.00716,1.488437,11.566368,0.703001,0.01005,13.746586,0.130384
99.0,3.8,100.0,100.0,50.0,0.2,12.374694,0.00311,3.025491,11.186242,0.682001,0.01005,9.603889,0.055136
99.0,3.8,100.0,100.0,50.0,0.3,12.325107,0.00425,2.092428,10.871722,0.693001,0.01005,11.792067,0.082704
99.0,3.8,100.0,100.0,50.0,0.4,13.147652,0.0058,1.71126,11.427627,0.700001,0.01005,13.082371,0.110272
99.0,3.8,100.0,100.0,50.0,0.5,14.282409,0.00791,1.509691,12.298165,0.704001,0.01005,13.892926,0.13784
99.0,4.2,100.0,100.0,50.0,0.2,13.377899,0.00334,3.147523,12.053102,0.684889,0.01005,9.902876,0.057966
99.0,4.2,100.0,100.0,50.0,0.3,13.194118,0.00457,2.147215,11.602714,0.695889,0.01005,12.061465,0.086948
99.0,4.2,100.0,100.0,50.0,0.4,13.982594,0.00628,1.74195,12.123618,0.701889,0.01005,13.294928,0.115931
99.0,4.2,100.0,100.0,50.0,0.5,15.115679,0.00865,1.528903,12.99604,0.705001,0.01005,14.022785,0.144914
99.0,4.6,100.0,100.0,50.0,0.2,14.356454,0.00356,3.263009,12.903064,0.686889,0.01005,10.123601,0.060663
99.0,4.6,100.0,100.0,50.0,0.3,14.020708,0.00488,2.198311,12.312021,0.696001,0.01005,12.186881,0.090995
99.0,4.6,100.0,100.0,50.0,0.4,14.784156,0.00676,1.770197,12.793495,0.703001,0.01005,13.464829,0.121326
99.0,4.6,100.0,100.0,50.0,0.5,15.917959,0.00945,1.546368,13.663725,0.706001,0.01005,14.161576,0.151658
99.0,5.0,100.0,100.0,50.0,0.2,15.316102,0.00377,3.372541,13.736676,0.688001,0.01005,10.312193,0.063246
99.0,5.0,100.0,100.0,50.0,0.3,14.834178,0.00519,2.246123,13.001237,0.697889,0.01005,12.356204,0.094868
99.0,5.0,100.0,100.0,50.0,0.4,15.533801,0.00724,1.796302,13.439609,0.70289,0.01005,13.481519,0.126491
99.0,5.0,100.0,100.0,50.0,0.5,16.700535,0.01029,1.562319,14.304232,0.707989,0.01005,14.34866,0.158114
