S0,K,r,m,T,H,sigma,trading_days,price_iter,price,price_adj,price_adj_custom,best_beta,error,error_custom,H_percent,error_percent,q
50,50,0.1,100,2.0,42,0.5,50,10.8491,9.3674,10.8556,10.8556,0.5889,-0.0599,-0.0599,16.0,0.0599,0
50,50,0.1,100,2.0,43,0.5,50,10.0336,8.407,10.0346,10.0346,0.5889,-0.0101,-0.0101,14.0,0.0101,0
50,50,0.1,100,2.0,44,0.5,50,9.1475,7.3854,9.1574,9.1574,0.5889,-0.108,-0.108,12.0,0.108,0
50,50,0.1,100,2.0,45,0.5,50,8.2238,6.3031,8.2237,7.264,0.5889,0.0011,11.6712,10.0,0.0011,0
50,50,0.1,100,2.0,46,0.5,50,7.2435,5.1604,7.2339,6.2132,0.5889,0.1324,14.2237,8.0,0.1324,0
50,50,0.1,100,2.0,47,0.5,50,6.2293,3.958,6.1881,5.1072,0.591,0.6616,18.0136,6.0,0.6616,0
50,50,0.1,100,2.0,48,0.5,50,5.2078,2.6965,5.0867,3.9467,0.611,2.3251,24.2164,4.0,2.3251,0
50,50,0.1,100,2.0,49,0.5,50,4.22,1.3769,3.9304,2.7325,0.6889,6.8627,35.2479,2.0,6.8627,0
100,100,0.1,100,2.0,85,0.5,50,20.9292,17.7896,20.9043,20.9043,0.5889,0.1189,0.1189,15.0,0.119,0
100,100,0.1,100,2.0,86,0.5,50,20.0638,16.8139,20.0693,20.0693,0.5889,-0.0273,-0.0273,14.0,0.0274,0
100,100,0.1,100,2.0,87,0.5,50,19.2099,15.8077,19.2061,19.2061,0.5889,0.0197,0.0197,13.0,0.0198,0
100,100,0.1,100,2.0,88,0.5,50,18.289,14.7709,18.3147,18.3147,0.5889,-0.1408,-0.1408,12.0,0.1405,0
100,100,0.1,100,2.0,89,0.5,50,17.3794,13.7037,17.3952,17.3952,0.5889,-0.0908,-0.0908,11.0,0.0909,0
100,100,0.1,100,2.0,90,0.5,50,16.4399,12.6062,16.4475,16.4639,0.5889,-0.0459,-0.1455,10.0,0.0462,0
100,100,0.1,100,2.0,91,0.5,50,15.4566,11.4786,15.4717,15.5499,0.5889,-0.0972,-0.6034,9.0,0.0977,0
100,100,0.1,100,2.0,92,0.5,50,14.4779,10.3209,14.4678,14.6136,0.5889,0.0701,-0.9374,8.0,0.0698,0
100,100,0.1,100,2.0,93,0.5,50,13.4677,9.1333,13.4359,13.6553,0.5889,0.2363,-1.3931,7.0,0.2361,0
100,100,0.1,100,2.0,94,0.5,50,12.4537,7.916,12.3761,12.6753,0.591,0.6232,-1.7795,6.0,0.6231,0
100,100,0.1,100,2.0,95,0.5,50,11.4436,6.6692,11.2886,11.674,0.601,1.3544,-2.0135,5.0,1.3545,0
100,100,0.1,100,2.0,96,0.5,50,10.4231,5.3931,10.1734,10.6516,0.611,2.3954,-2.1925,4.0,2.3956,0
100,100,0.1,100,2.0,97,0.5,50,9.4166,4.0879,9.0308,9.6086,0.611,4.0972,-2.0393,3.0,4.097,0
100,100,0.1,100,2.0,98,0.5,50,8.4474,2.7538,7.8607,8.5453,0.6889,6.9452,-1.1585,2.0,6.9453,0
100,100,0.1,100,2.0,99,0.5,50,7.4977,1.3911,6.6636,7.4621,0.6889,11.1247,0.4742,1.0,11.1247,0
200,200,0.1,100,2.0,170,0.5,50,41.8426,35.5793,41.8086,41.8086,0.5889,0.0811,0.0811,15.0,0.0813,0
200,200,0.1,100,2.0,171,0.5,50,40.9744,34.6112,40.9806,40.9806,0.5889,-0.0152,-0.0152,14.5,0.0151,0
200,200,0.1,100,2.0,172,0.5,50,40.0699,33.6279,40.1386,40.1386,0.5889,-0.1713,-0.1713,14.0,0.1715,0
200,200,0.1,100,2.0,173,0.5,50,39.2893,32.6292,39.2824,39.2824,0.5889,0.0176,0.0176,13.5,0.0176,0
200,200,0.1,100,2.0,174,0.5,50,38.4131,31.6153,38.4122,38.4122,0.5889,0.0022,0.0022,13.0,0.0023,0
200,200,0.1,100,2.0,175,0.5,50,37.5286,30.5862,37.5279,37.5279,0.5889,0.0019,0.0019,12.5,0.0019,0
200,200,0.1,100,2.0,176,0.5,50,36.611,29.5418,36.6295,36.6295,0.5889,-0.0506,-0.0506,12.0,0.0505,0
200,200,0.1,100,2.0,177,0.5,50,35.7008,28.4822,35.717,35.717,0.5889,-0.0452,-0.0452,11.5,0.0454,0
200,200,0.1,100,2.0,178,0.5,50,34.7871,27.4074,34.7904,34.7904,0.5889,-0.0096,-0.0096,11.0,0.0095,0
200,200,0.1,100,2.0,179,0.5,50,33.8539,26.3175,33.8497,33.8497,0.5889,0.0123,0.0123,10.5,0.0124,0
200,200,0.1,100,2.0,180,0.5,50,32.8458,25.2125,32.895,51.4812,0.5889,-0.1497,-56.7362,10.0,0.1498,0
200,200,0.1,100,2.0,181,0.5,50,31.8814,24.0923,31.9262,51.2218,0.5889,-0.1403,-60.6635,9.5,0.1405,0
200,200,0.1,100,2.0,182,0.5,50,30.9465,22.9571,30.9433,50.9675,0.5889,0.0105,-64.6953,9.0,0.0103,0
200,200,0.1,100,2.0,183,0.5,50,29.9082,21.8069,29.9464,50.7187,0.5889,-0.1279,-69.5814,8.5,0.1277,0
200,200,0.1,100,2.0,184,0.5,50,28.9185,20.6417,28.9355,50.4756,0.5889,-0.0589,-74.5443,8.0,0.0588,0
200,200,0.1,100,2.0,185,0.5,50,27.9608,19.4616,27.9106,50.2385,0.5889,0.1795,-79.6746,7.5,0.1795,0
200,200,0.1,100,2.0,186,0.5,50,26.927,18.2666,26.8718,50.0077,0.5889,0.2052,-85.7158,7.0,0.205,0
200,200,0.1,100,2.0,187,0.5,50,25.9285,17.0567,25.819,49.7835,0.59,0.4225,-92.003,6.5,0.4223,0
200,200,0.1,100,2.0,188,0.5,50,24.8969,15.832,24.7522,49.5662,0.591,0.5812,-99.0857,6.0,0.5812,0
200,200,0.1,100,2.0,189,0.5,50,23.8755,14.5925,23.6716,49.3561,0.5989,0.8537,-106.7229,5.5,0.854,0
200,200,0.1,100,2.0,190,0.5,50,22.8364,13.3384,22.5772,49.1533,0.6,1.1352,-115.241,5.0,1.135,0
200,200,0.1,100,2.0,191,0.5,50,21.8525,12.0696,21.4689,48.9583,0.6089,1.7553,-124.0401,4.5,1.7554,0
200,200,0.1,100,2.0,192,0.5,50,20.8027,10.7861,20.3468,48.7713,0.611,2.1915,-134.4464,4.0,2.1915,0
200,200,0.1,100,2.0,193,0.5,50,19.7709,9.4882,19.211,48.5924,0.611,2.8316,-145.7779,3.5,2.8319,0
200,200,0.1,100,2.0,194,0.5,50,18.7876,8.1757,18.0615,48.4221,0.611,3.8648,-157.7343,3.0,3.8648,0
200,200,0.1,100,2.0,195,0.5,50,17.8643,6.8488,16.8983,48.2606,0.611,5.4073,-170.1509,2.5,5.4074,0
200,200,0.1,100,2.0,196,0.5,50,16.8809,5.5076,15.7215,48.108,0.6889,6.868,-184.9853,2.0,6.8681,0
200,200,0.1,100,2.0,197,0.5,50,15.9017,4.152,14.5311,47.9647,0.6889,8.6195,-201.6321,1.5,8.6192,0
200,200,0.1,100,2.0,198,0.5,50,14.9548,2.7822,13.3271,47.8309,0.6889,10.8841,-219.8361,1.0,10.8841,0
200,200,0.1,100,2.0,199,0.5,50,14.0955,1.3981,12.1097,47.7069,0.699,14.0885,-238.4539,0.5,14.0882,0
300,300,0.1,100,2.0,255,0.5,50,62.7155,53.3689,62.7129,62.7129,0.5889,0.0041,0.0041,15.0,0.0041,0
300,300,0.1,100,2.0,256,0.5,50,61.8233,52.4034,61.8873,61.8873,0.5889,-0.1035,-0.1035,14.6667,0.1035,0
300,300,0.1,100,2.0,257,0.5,50,61.047,51.4277,61.0523,61.0523,0.5889,-0.0086,-0.0086,14.3333,0.0086,0
300,300,0.1,100,2.0,258,0.5,50,60.2195,50.4418,60.2079,60.2079,0.5889,0.0194,0.0194,14.0,0.0194,0
300,300,0.1,100,2.0,259,0.5,50,59.3683,49.4457,59.3541,59.3541,0.5889,0.0239,0.0239,13.6667,0.0239,0
300,300,0.1,100,2.0,260,0.5,50,58.5036,48.4394,58.4909,58.4909,0.5889,0.0217,0.0217,13.3333,0.0217,0
300,300,0.1,100,2.0,261,0.5,50,57.5978,47.423,57.6183,57.6183,0.5889,-0.0357,-0.0357,13.0,0.0357,0
300,300,0.1,100,2.0,262,0.5,50,56.7156,46.3964,56.7363,56.7363,0.5889,-0.0366,-0.0366,12.6667,0.0366,0
300,300,0.1,100,2.0,263,0.5,50,55.7973,45.3596,55.845,55.845,0.5889,-0.0854,-0.0854,12.3333,0.0854,0
300,300,0.1,100,2.0,264,0.5,50,54.8868,44.3127,54.9442,54.9442,0.5889,-0.1046,-0.1046,12.0,0.1046,0
300,300,0.1,100,2.0,265,0.5,50,53.9451,43.2556,54.0341,54.0341,0.5889,-0.1649,-0.1649,11.6667,0.1649,0
300,300,0.1,100,2.0,266,0.5,50,53.0864,42.1885,53.1145,53.1145,0.5889,-0.0531,-0.0531,11.3333,0.0531,0
300,300,0.1,100,2.0,267,0.5,50,52.2412,41.1112,52.1856,52.1856,0.5889,0.1065,0.1065,11.0,0.1065,0
300,300,0.1,100,2.0,268,0.5,50,51.2337,40.0238,51.2473,51.2473,0.5889,-0.0264,-0.0264,10.6667,0.0264,0
300,300,0.1,100,2.0,269,0.5,50,50.3911,38.9263,50.2995,50.2995,0.5889,0.1816,0.1816,10.3333,0.1816,0
300,300,0.1,100,2.0,270,0.5,50,49.3554,37.8187,49.3424,105.023,0.5889,0.0262,-112.7895,10.0,0.0262,0
300,300,0.1,100,2.0,271,0.5,50,48.3317,36.7011,48.376,105.0554,0.5889,-0.0916,-117.3633,9.6667,0.0916,0
300,300,0.1,100,2.0,272,0.5,50,47.2517,35.5734,47.4001,105.0862,0.5889,-0.3142,-122.3967,9.3333,0.3142,0
300,300,0.1,100,2.0,273,0.5,50,46.3996,34.4357,46.415,105.1153,0.5889,-0.0332,-126.5437,9.0,0.0332,0
300,300,0.1,100,2.0,274,0.5,50,45.3897,33.288,45.4204,105.1428,0.5889,-0.0677,-131.6446,8.6667,0.0677,0
300,300,0.1,100,2.0,275,0.5,50,44.3428,32.1303,44.4165,105.1686,0.5889,-0.1662,-137.1719,8.3333,0.1662,0
300,300,0.1,100,2.0,276,0.5,50,43.4671,30.9626,43.4033,105.1929,0.5889,0.147,-142.0057,8.0,0.147,0
300,300,0.1,100,2.0,277,0.5,50,42.4733,29.785,42.3807,105.2157,0.5889,0.2181,-147.7218,7.6667,0.2181,0
300,300,0.1,100,2.0,278,0.5,50,41.3796,28.5974,41.3488,105.2369,0.5889,0.0743,-154.3211,7.3333,0.0743,0
300,300,0.1,100,2.0,279,0.5,50,40.3846,27.3998,40.3076,105.2567,0.5889,0.1907,-160.6354,7.0,0.1907,0
300,300,0.1,100,2.0,280,0.5,50,39.3879,26.1924,39.2572,105.275,0.5889,0.3318,-167.2778,6.6667,0.3318,0
300,300,0.1,100,2.0,281,0.5,50,38.4442,24.9751,38.1974,105.2919,0.591,0.642,-173.8823,6.3333,0.642,0
300,300,0.1,100,2.0,282,0.5,50,37.2943,23.748,37.1284,105.3075,0.59,0.4449,-182.369,6.0,0.4449,0
300,300,0.1,100,2.0,283,0.5,50,36.3659,22.511,36.0501,105.3218,0.5989,0.8684,-189.617,5.6667,0.8684,0
300,300,0.1,100,2.0,284,0.5,50,35.2946,21.2642,34.9625,105.3349,0.5989,0.9408,-198.4446,5.3333,0.9408,0
300,300,0.1,100,2.0,285,0.5,50,34.2816,20.0076,33.8658,105.3468,0.601,1.2129,-207.2983,5.0,1.2129,0
300,300,0.1,100,2.0,286,0.5,50,33.2376,18.7412,32.7598,105.3576,0.601,1.4376,-216.9828,4.6667,1.4376,0
300,300,0.1,100,2.0,287,0.5,50,32.2529,17.4651,31.6446,105.3674,0.609,1.886,-226.6909,4.3333,1.886,0
300,300,0.1,100,2.0,288,0.5,50,31.2743,16.1792,30.5203,105.3761,0.611,2.4109,-236.9422,4.0,2.4109,0
300,300,0.1,100,2.0,289,0.5,50,30.2509,14.8837,29.3867,105.384,0.611,2.8568,-248.366,3.6667,2.8568,0
300,300,0.1,100,2.0,290,0.5,50,29.2432,13.5785,28.2441,105.3911,0.611,3.4168,-260.3946,3.3333,3.4168,0
300,300,0.1,100,2.0,291,0.5,50,28.2533,12.2636,27.0923,105.3973,0.611,4.1095,-273.0437,3.0,4.1095,0
300,300,0.1,100,2.0,292,0.5,50,27.2846,10.9391,25.9313,105.4028,0.611,4.9597,-286.3093,2.6667,4.9597,0
300,300,0.1,100,2.0,293,0.5,50,26.2895,9.605,24.7613,105.4077,0.611,5.8127,-300.9505,2.3333,5.8127,0
300,300,0.1,100,2.0,294,0.5,50,25.3313,8.2614,23.5822,105.412,0.6889,6.9049,-316.1326,2.0,6.9049,0
300,300,0.1,100,2.0,295,0.5,50,24.3839,6.9082,22.3941,105.4157,0.6889,8.1604,-332.3165,1.6667,8.1604,0
300,300,0.1,100,2.0,296,0.5,50,23.4534,5.5455,21.1969,105.4189,0.6889,9.6214,-349.4816,1.3333,9.6214,0
300,300,0.1,100,2.0,297,0.5,50,22.4422,4.1733,19.9907,105.4217,0.6889,10.9236,-369.748,1.0,10.9236,0
300,300,0.1,100,2.0,298,0.5,50,21.6088,2.7916,18.7755,105.4241,0.691,13.1117,-387.8766,0.6667,13.1117,0
300,300,0.1,100,2.0,299,0.5,50,20.675,1.4005,17.5513,105.4261,0.701,15.1084,-409.9215,0.3333,15.1084,0
50,50,0.1,100,2.0,42,0.3,50,10.4531,9.7907,10.4492,10.4492,0.5889,0.0374,0.0374,16.0,0.0374,0
50,50,0.1,100,2.0,43,0.3,50,9.8289,9.037,9.8253,9.8253,0.5889,0.0368,0.0368,14.0,0.0368,0
50,50,0.1,100,2.0,44,0.3,50,9.1048,8.1641,9.0969,9.0969,0.5889,0.0871,0.0871,12.0,0.0871,0
50,50,0.1,100,2.0,45,0.3,50,8.2535,7.1638,8.2557,7.697,0.5889,-0.0272,6.7422,10.0,0.0272,0
50,50,0.1,100,2.0,46,0.3,50,7.2872,6.0282,7.294,6.655,0.5889,-0.0941,8.6747,8.0,0.0941,0
50,50,0.1,100,2.0,47,0.3,50,6.202,4.7502,6.2044,5.4805,0.5889,-0.0394,11.6326,6.0,0.0394,0
50,50,0.1,100,2.0,48,0.3,50,4.9894,3.3233,4.9803,4.1674,0.5889,0.1825,16.4749,4.0,0.1825,0
50,50,0.1,100,2.0,49,0.3,50,3.7463,1.7416,3.6154,2.71,0.611,3.4926,27.6615,2.0,3.4926,0
100,100,0.1,100,2.0,85,0.3,50,20.3137,18.8563,20.2996,20.2996,0.5889,0.0696,0.0696,15.0,0.0696,0
100,100,0.1,100,2.0,86,0.3,50,19.6636,18.0739,19.6506,19.6506,0.5889,0.0661,0.0661,14.0,0.0661,0
100,100,0.1,100,2.0,87,0.3,50,18.9538,17.2319,18.9494,18.9494,0.5889,0.0232,0.0232,13.0,0.0232,0
100,100,0.1,100,2.0,88,0.3,50,18.1973,16.3282,18.1938,18.1938,0.5889,0.0191,0.0191,12.0,0.0191,0
100,100,0.1,100,2.0,89,0.3,50,17.3927,15.3607,17.3818,17.3818,0.5889,0.0624,0.0624,11.0,0.0624,0
100,100,0.1,100,2.0,90,0.3,50,16.5278,14.3275,16.5115,16.4584,0.5889,0.0989,0.4202,10.0,0.0989,0
100,100,0.1,100,2.0,91,0.3,50,15.5878,13.2267,15.5809,15.5582,0.5889,0.0448,0.1899,9.0,0.0448,0
100,100,0.1,100,2.0,92,0.3,50,14.5851,12.0563,14.588,14.6016,0.5889,-0.0201,-0.1132,8.0,0.0201,0
100,100,0.1,100,2.0,93,0.3,50,13.5165,10.8148,13.5313,13.5872,0.5889,-0.1093,-0.523,7.0,0.1093,0
100,100,0.1,100,2.0,94,0.3,50,12.4165,9.5003,12.4089,12.5138,0.5889,0.0612,-0.7838,6.0,0.0612,0
100,100,0.1,100,2.0,95,0.3,50,11.2247,8.1114,11.2191,11.3802,0.5889,0.0491,-1.3855,5.0,0.0491,0
100,100,0.1,100,2.0,96,0.3,50,10.0017,6.6465,9.9605,10.1853,0.59,0.4117,-1.8359,4.0,0.4117,0
100,100,0.1,100,2.0,97,0.3,50,8.7366,5.1042,8.6316,8.9283,0.601,1.202,-2.1942,3.0,1.202,0
100,100,0.1,100,2.0,98,0.3,50,7.4784,3.4832,7.2308,7.6081,0.611,3.31,-1.7352,2.0,3.31,0
100,100,0.1,100,2.0,99,0.3,50,6.2702,1.7822,5.7569,6.224,0.6889,8.1856,0.7363,1.0,8.1856,0
200,200,0.1,100,2.0,170,0.3,50,40.602,37.7127,40.5991,40.5991,0.5889,0.0071,0.0071,15.0,0.0071,0
200,200,0.1,100,2.0,171,0.3,50,39.9549,36.9449,39.963,39.963,0.5889,-0.0203,-0.0203,14.5,0.0203,0
200,200,0.1,100,2.0,172,0.3,50,39.2824,36.1478,39.3012,39.3012,0.5889,-0.0477,-0.0477,14.0,0.0477,0
200,200,0.1,100,2.0,173,0.3,50,38.6366,35.321,38.6133,38.6133,0.5889,0.0603,0.0603,13.5,0.0603,0
200,200,0.1,100,2.0,174,0.3,50,37.8728,34.4638,37.8987,37.8987,0.5889,-0.0684,-0.0684,13.0,0.0684,0
200,200,0.1,100,2.0,175,0.3,50,37.1899,33.5758,37.157,37.157,0.5889,0.0884,0.0884,12.5,0.0884,0
200,200,0.1,100,2.0,176,0.3,50,36.3959,32.6564,36.3876,36.3876,0.5889,0.0227,0.0227,12.0,0.0227,0
200,200,0.1,100,2.0,177,0.3,50,35.5802,31.7051,35.59,35.59,0.5889,-0.0274,-0.0274,11.5,0.0274,0
200,200,0.1,100,2.0,178,0.3,50,34.744,30.7215,34.7637,34.7637,0.5889,-0.0567,-0.0567,11.0,0.0567,0
200,200,0.1,100,2.0,179,0.3,50,33.9105,29.7049,33.9082,33.9082,0.5889,0.007,0.007,10.5,0.007,0
200,200,0.1,100,2.0,180,0.3,50,33.0381,28.655,33.023,42.7927,0.5889,0.0456,-29.5254,10.0,0.0456,0
200,200,0.1,100,2.0,181,0.3,50,32.1319,27.5713,32.1077,42.4492,0.5889,0.0755,-32.1092,9.5,0.0755,0
200,200,0.1,100,2.0,182,0.3,50,31.18,26.4533,31.1617,42.1005,0.5889,0.0587,-35.024,9.0,0.0587,0
200,200,0.1,100,2.0,183,0.3,50,30.1512,25.3006,30.1847,41.7467,0.5889,-0.111,-38.458,8.5,0.111,0
200,200,0.1,100,2.0,184,0.3,50,29.1817,24.1126,29.1761,41.3882,0.5889,0.0191,-41.8296,8.0,0.0191,0
200,200,0.1,100,2.0,185,0.3,50,28.1198,22.8891,28.1355,41.0253,0.5889,-0.056,-45.8949,7.5,0.056,0
200,200,0.1,100,2.0,186,0.3,50,27.0377,21.6295,27.0626,40.6582,0.5889,-0.092,-50.3761,7.0,0.092,0
200,200,0.1,100,2.0,187,0.3,50,25.9595,20.3335,25.9568,40.2873,0.5889,0.0104,-55.1932,6.5,0.0104,0
200,200,0.1,100,2.0,188,0.3,50,24.8159,19.0006,24.8177,39.913,0.5889,-0.0075,-60.8363,6.0,0.0075,0
200,200,0.1,100,2.0,189,0.3,50,23.6345,17.6305,23.645,39.5354,0.5889,-0.0447,-67.2786,5.5,0.0447,0
200,200,0.1,100,2.0,190,0.3,50,22.4321,16.2228,22.4383,39.1551,0.5889,-0.0276,-74.5495,5.0,0.0276,0
200,200,0.1,100,2.0,191,0.3,50,21.2285,14.7771,21.1971,38.7724,0.5889,0.148,-82.643,4.5,0.148,0
200,200,0.1,100,2.0,192,0.3,50,20.0016,13.293,19.9211,38.3876,0.59,0.4026,-91.9227,4.0,0.4026,0
200,200,0.1,100,2.0,193,0.3,50,18.7426,11.7703,18.6099,38.0012,0.591,0.7082,-102.753,3.5,0.7082,0
200,200,0.1,100,2.0,194,0.3,50,17.4737,10.2085,17.2632,37.6136,0.601,1.205,-115.2582,3.0,1.205,0
200,200,0.1,100,2.0,195,0.3,50,16.2237,8.6073,15.8805,37.2252,0.611,2.115,-129.4503,2.5,2.115,0
200,200,0.1,100,2.0,196,0.3,50,14.9803,6.9665,14.4617,36.8364,0.611,3.462,-145.8996,2.0,3.462,0
200,200,0.1,100,2.0,197,0.3,50,13.7296,5.2856,13.0062,36.4477,0.611,5.2691,-165.4673,1.5,5.2691,0
200,200,0.1,100,2.0,198,0.3,50,12.533,3.5644,11.5139,36.0595,0.6889,8.1311,-187.7178,1.0,8.1311,0
200,200,0.1,100,2.0,199,0.3,50,11.3458,1.8027,9.9843,35.6723,0.6889,11.9995,-214.4104,0.5,11.9995,0
300,300,0.1,100,2.0,255,0.3,50,60.9384,56.569,60.8987,60.8987,0.5889,0.0652,0.0652,15.0,0.0652,0
300,300,0.1,100,2.0,256,0.3,50,60.2912,55.806,60.2668,60.2668,0.5889,0.0405,0.0405,14.6667,0.0405,0
300,300,0.1,100,2.0,257,0.3,50,59.5914,55.0237,59.6179,59.6179,0.5889,-0.0444,-0.0444,14.3333,0.0444,0
300,300,0.1,100,2.0,258,0.3,50,58.9138,54.2217,58.9518,58.9518,0.5889,-0.0645,-0.0645,14.0,0.0645,0
300,300,0.1,100,2.0,259,0.3,50,58.2943,53.3999,58.2683,58.2683,0.5889,0.0447,0.0447,13.6667,0.0447,0
300,300,0.1,100,2.0,260,0.3,50,57.5634,52.558,57.5671,57.5671,0.5889,-0.0065,-0.0065,13.3333,0.0065,0
300,300,0.1,100,2.0,261,0.3,50,56.847,51.6957,56.8481,56.8481,0.5889,-0.0019,-0.0019,13.0,0.0019,0
300,300,0.1,100,2.0,262,0.3,50,56.1163,50.8129,56.111,56.111,0.5889,0.0096,0.0096,12.6667,0.0096,0
300,300,0.1,100,2.0,263,0.3,50,55.3541,49.9092,55.3555,55.3555,0.5889,-0.0024,-0.0024,12.3333,0.0024,0
300,300,0.1,100,2.0,264,0.3,50,54.6005,48.9846,54.5814,54.5814,0.5889,0.0349,0.0349,12.0,0.0349,0
300,300,0.1,100,2.0,265,0.3,50,53.8089,48.0387,53.7885,53.7885,0.5889,0.0378,0.0378,11.6667,0.0378,0
300,300,0.1,100,2.0,266,0.3,50,52.967,47.0713,52.9766,52.9766,0.5889,-0.0182,-0.0182,11.3333,0.0182,0
300,300,0.1,100,2.0,267,0.3,50,52.1391,46.0822,52.1455,52.1455,0.5889,-0.0123,-0.0123,11.0,0.0123,0
300,300,0.1,100,2.0,268,0.3,50,51.2561,45.0712,51.2949,51.2949,0.5889,-0.0758,-0.0758,10.6667,0.0758,0
300,300,0.1,100,2.0,269,0.3,50,50.4419,44.038,50.4247,50.4247,0.5889,0.0342,0.0342,10.3333,0.0342,0
300,300,0.1,100,2.0,270,0.3,50,49.4811,42.9825,49.5345,77.7496,0.5889,-0.1078,-57.1297,10.0,0.1078,0
300,300,0.1,100,2.0,271,0.3,50,48.6119,41.9045,48.6242,77.7596,0.5889,-0.0253,-59.96,9.6667,0.0253,0
300,300,0.1,100,2.0,272,0.3,50,47.6774,40.8037,47.6937,77.7695,0.5889,-0.0341,-63.116,9.3333,0.0341,0
300,300,0.1,100,2.0,273,0.3,50,46.6862,39.68,46.7426,77.7791,0.5889,-0.1208,-66.5999,9.0,0.1208,0
300,300,0.1,100,2.0,274,0.3,50,45.7748,38.533,45.7707,77.7885,0.5889,0.0089,-69.9373,8.6667,0.0089,0
300,300,0.1,100,2.0,275,0.3,50,44.7965,37.3628,44.778,77.7976,0.5889,0.0414,-73.6689,8.3333,0.0414,0
300,300,0.1,100,2.0,276,0.3,50,43.7396,36.1689,43.7641,77.8065,0.5889,-0.056,-77.8855,8.0,0.056,0
300,300,0.1,100,2.0,277,0.3,50,42.7131,34.9514,42.7289,77.815,0.5889,-0.0371,-82.1807,7.6667,0.0371,0
300,300,0.1,100,2.0,278,0.3,50,41.6255,33.7099,41.6723,77.8232,0.5889,-0.1122,-86.9602,7.3333,0.1122,0
300,300,0.1,100,2.0,279,0.3,50,40.5583,32.4443,40.5939,77.8311,0.5889,-0.0876,-91.8991,7.0,0.0876,0
300,300,0.1,100,2.0,280,0.3,50,39.4834,31.1543,39.4936,77.8386,0.5889,-0.0257,-97.1427,6.6667,0.0257,0
300,300,0.1,100,2.0,281,0.3,50,38.3693,29.84,38.3712,77.8458,0.5889,-0.0049,-102.8855,6.3333,0.0049,0
300,300,0.1,100,2.0,282,0.3,50,37.2257,28.5009,37.2266,77.8527,0.5889,-0.0024,-109.1368,6.0,0.0024,0
300,300,0.1,100,2.0,283,0.3,50,36.0468,27.1371,36.0595,77.8591,0.5889,-0.0354,-115.9947,5.6667,0.0354,0
300,300,0.1,100,2.0,284,0.3,50,34.9014,25.7482,34.8699,77.8652,0.5889,0.0903,-123.1006,5.3333,0.0903,0
300,300,0.1,100,2.0,285,0.3,50,33.6505,24.3342,33.6574,77.871,0.5889,-0.0207,-131.4113,5.0,0.0207,0
300,300,0.1,100,2.0,286,0.3,50,32.4539,22.8948,32.422,77.8763,0.5889,0.0983,-139.9597,4.6667,0.0983,0
300,300,0.1,100,2.0,287,0.3,50,31.2259,21.43,31.1635,77.8813,0.5889,0.1998,-149.4129,4.3333,0.1998,0
300,300,0.1,100,2.0,288,0.3,50,30.0142,19.9395,29.8816,77.886,0.591,0.4418,-159.497,4.0,0.4418,0
300,300,0.1,100,2.0,289,0.3,50,28.7573,18.4233,28.5763,77.8903,0.591,0.6293,-170.854,3.6667,0.6293,0
300,300,0.1,100,2.0,290,0.3,50,27.5097,16.8811,27.2474,77.8943,0.5989,0.9532,-183.1526,3.3333,0.9532,0
300,300,0.1,100,2.0,291,0.3,50,26.2245,15.3127,25.8947,77.898,0.601,1.2575,-197.0426,3.0,1.2575,0
300,300,0.1,100,2.0,292,0.3,50,24.9954,13.7182,24.5181,77.9013,0.61,1.9096,-211.6621,2.6667,1.9096,0
300,300,0.1,100,2.0,293,0.3,50,23.7177,12.0972,23.1174,77.9044,0.611,2.531,-228.465,2.3333,2.531,0
300,300,0.1,100,2.0,294,0.3,50,22.4565,10.4497,21.6925,77.9071,0.611,3.4023,-246.9241,2.0,3.4023,0
300,300,0.1,100,2.0,295,0.3,50,21.207,8.7755,20.2432,77.9096,0.611,4.545,-267.3762,1.6667,4.545,0
300,300,0.1,100,2.0,296,0.3,50,20.0035,7.0746,18.7693,77.9118,0.611,6.1696,-289.4919,1.3333,6.1696,0
300,300,0.1,100,2.0,297,0.3,50,18.7879,5.3467,17.2708,77.9138,0.6889,8.0749,-314.7013,1.0,8.0749,0
300,300,0.1,100,2.0,298,0.3,50,17.5878,3.5917,15.7475,77.9156,0.6889,10.4634,-343.0093,0.6667,10.4634,0
300,300,0.1,100,2.0,299,0.3,50,16.4161,1.8095,14.1993,77.9172,0.6989,13.5041,-374.6388,0.3333,13.5041,0
50,50,0.1,50,0.2,42,0.5,250,4.721,4.6189,4.7175,,0.6089,,,16.0,0.0759,0
50,50,0.1,50,0.2,43,0.5,250,4.586,4.4351,4.5851,,0.5889,,,14.0,0.0199,0
50,50,0.1,50,0.2,44,0.5,250,4.39,4.172,4.3902,,0.5889,,,12.0,0.0062,0
50,50,0.1,50,0.2,45,0.5,250,4.1129,3.8107,4.1153,,0.5889,,,10.0,0.0572,0
50,50,0.1,50,0.2,46,0.5,250,3.7416,3.3331,3.7424,,0.5889,,,8.0,0.0217,0
50,50,0.1,50,0.2,47,0.5,250,3.2548,2.7232,3.2548,,0.5889,,,6.0,0.0,0
50,50,0.1,50,0.2,48,0.5,250,2.6369,1.9689,2.6379,,0.5889,,,4.0,0.0394,0
50,50,0.1,50,0.2,49,0.5,250,1.9133,1.0622,1.8805,,0.6089,,,2.0,1.7123,0
50,50,0.1,50,0.2,50,0.5,250,1.1848,-0.0,0.9757,,0.711,,,0.0,17.6482,0
100,100,0.1,50,0.2,85,0.5,250,9.3145,9.0715,9.3161,,0.5889,,,15.0,0.0171,0
100,100,0.1,50,0.2,86,0.5,250,9.1726,8.8703,9.1703,,0.5889,,,14.0,0.0252,0
100,100,0.1,50,0.2,87,0.5,250,8.9951,8.6294,8.9931,,0.5889,,,13.0,0.0217,0
100,100,0.1,50,0.2,88,0.5,250,8.7784,8.3441,8.7805,,0.5889,,,12.0,0.0234,0
100,100,0.1,50,0.2,89,0.5,250,8.5249,8.0097,8.5278,,0.5889,,,11.0,0.0342,0
100,100,0.1,50,0.2,90,0.5,250,8.2261,7.6214,8.2306,,0.5889,,,10.0,0.0547,0
100,100,0.1,50,0.2,91,0.5,250,7.875,7.175,7.8844,,0.5889,,,9.0,0.1184,0
100,100,0.1,50,0.2,92,0.5,250,7.4833,6.6661,7.4849,,0.5889,,,8.0,0.021,0
100,100,0.1,50,0.2,93,0.5,250,7.0291,6.0911,7.0279,,0.5889,,,7.0,0.0173,0
100,100,0.1,50,0.2,94,0.5,250,6.5094,5.4465,6.5097,,0.5889,,,6.0,0.0037,0
100,100,0.1,50,0.2,95,0.5,250,5.924,4.7295,5.9267,,0.5889,,,5.0,0.0447,0
100,100,0.1,50,0.2,96,0.5,250,5.2701,3.9379,5.2758,,0.5889,,,4.0,0.1097,0
100,100,0.1,50,0.2,97,0.5,250,4.5712,3.0699,4.5547,,0.5899,,,3.0,0.362,0
100,100,0.1,50,0.2,98,0.5,250,3.8359,2.1244,3.7611,,0.611,,,2.0,1.9502,0
100,100,0.1,50,0.2,99,0.5,250,3.0825,1.1011,2.8937,,0.6889,,,1.0,6.1261,0
100,100,0.1,50,0.2,100,0.5,250,2.3678,-0.0,1.9515,,0.711,,,0.0,17.5839,0
200,200,0.1,50,0.2,170,0.5,250,18.6348,18.143,18.6323,,0.5889,,,15.0,0.0135,0
200,200,0.1,50,0.2,171,0.5,250,18.4831,17.9511,18.4937,,0.5889,,,14.5,0.0569,0
200,200,0.1,50,0.2,172,0.5,250,18.3295,17.7406,18.3405,,0.5889,,,14.0,0.0603,0
200,200,0.1,50,0.2,173,0.5,250,18.1767,17.5102,18.1717,,0.5889,,,13.5,0.0271,0
200,200,0.1,50,0.2,174,0.5,250,17.981,17.2588,17.9863,,0.5889,,,13.0,0.0296,0
200,200,0.1,50,0.2,175,0.5,250,17.7832,16.9852,17.783,,0.5889,,,12.5,0.0008,0
200,200,0.1,50,0.2,176,0.5,250,17.5669,16.6882,17.5609,,0.5889,,,12.0,0.0338,0
200,200,0.1,50,0.2,177,0.5,250,17.3188,16.3666,17.3188,,0.5889,,,11.5,0.0002,0
200,200,0.1,50,0.2,178,0.5,250,17.0522,16.0193,17.0555,,0.5889,,,11.0,0.0193,0
200,200,0.1,50,0.2,179,0.5,250,16.7673,15.6451,16.77,,0.5889,,,10.5,0.0161,0
200,200,0.1,50,0.2,180,0.5,250,16.4534,15.2429,16.4611,,0.5889,,,10.0,0.0471,0
200,200,0.1,50,0.2,181,0.5,250,16.1248,14.8115,16.1277,,0.5889,,,9.5,0.0183,0
200,200,0.1,50,0.2,182,0.5,250,15.7731,14.35,15.7687,,0.5889,,,9.0,0.0276,0
200,200,0.1,50,0.2,183,0.5,250,15.3768,13.8572,15.3831,,0.5889,,,8.5,0.0406,0
200,200,0.1,50,0.2,184,0.5,250,14.9749,13.3322,14.9697,,0.5889,,,8.0,0.0345,0
200,200,0.1,50,0.2,185,0.5,250,14.5211,12.7742,14.5276,,0.5889,,,7.5,0.045,0
200,200,0.1,50,0.2,186,0.5,250,14.05,12.1822,14.0558,,0.5889,,,7.0,0.0411,0
200,200,0.1,50,0.2,187,0.5,250,13.5649,11.5553,13.5534,,0.5889,,,6.5,0.0854,0
200,200,0.1,50,0.2,188,0.5,250,13.0131,10.893,13.0193,,0.5889,,,6.0,0.048,0
200,200,0.1,50,0.2,189,0.5,250,12.4442,10.1944,12.4529,,0.5889,,,5.5,0.0699,0
200,200,0.1,50,0.2,190,0.5,250,11.8485,9.459,11.8533,,0.5889,,,5.0,0.041,0
200,200,0.1,50,0.2,191,0.5,250,11.2118,8.6863,11.2198,,0.5889,,,4.5,0.0716,0
200,200,0.1,50,0.2,192,0.5,250,10.5472,7.8757,10.5517,,0.5889,,,4.0,0.0421,0
200,200,0.1,50,0.2,193,0.5,250,9.8587,7.027,9.8484,,0.5889,,,3.5,0.1046,0
200,200,0.1,50,0.2,194,0.5,250,9.1469,6.1398,9.1093,,0.5909,,,3.0,0.4112,0
200,200,0.1,50,0.2,195,0.5,250,8.4015,5.2138,8.3341,,0.5989,,,2.5,0.8028,0
200,200,0.1,50,0.2,196,0.5,250,7.6629,4.2489,7.5222,,0.61,,,2.0,1.8357,0
200,200,0.1,50,0.2,197,0.5,250,6.9016,3.245,6.6734,,0.611,,,1.5,3.3064,0
200,200,0.1,50,0.2,198,0.5,250,6.1628,2.2022,5.7873,,0.611,,,1.0,6.0932,0
200,200,0.1,50,0.2,199,0.5,250,5.434,1.1205,4.8639,,0.6889,,,0.5,10.4909,0
200,200,0.1,50,0.2,200,0.5,250,4.7351,-0.0,3.9029,,0.711,,,0.0,17.5753,0
300,300,0.1,50,0.2,255,0.5,250,27.9445,27.2145,27.9484,,0.5889,,,15.0,0.014,0
300,300,0.1,50,0.2,256,0.5,250,27.8129,27.0257,27.8122,,0.5889,,,14.6667,0.0025,0
300,300,0.1,50,0.2,257,0.5,250,27.6623,26.8246,27.6664,,0.5889,,,14.3333,0.015,0
300,300,0.1,50,0.2,258,0.5,250,27.5077,26.6108,27.5108,,0.5889,,,14.0,0.0112,0
300,300,0.1,50,0.2,259,0.5,250,27.3407,26.3839,27.3447,,0.5889,,,13.6667,0.0148,0
300,300,0.1,50,0.2,260,0.5,250,27.1792,26.1431,27.1677,,0.59,,,13.3333,0.0422,0
300,300,0.1,50,0.2,261,0.5,250,26.9769,25.8882,26.9794,,0.5889,,,13.0,0.0095,0
300,300,0.1,50,0.2,262,0.5,250,26.761,25.6184,26.7793,,0.5889,,,12.6667,0.0683,0
300,300,0.1,50,0.2,263,0.5,250,26.5702,25.3332,26.5667,,0.5889,,,12.3333,0.0132,0
300,300,0.1,50,0.2,264,0.5,250,26.3424,25.0323,26.3414,,0.5889,,,12.0,0.0037,0
300,300,0.1,50,0.2,265,0.5,250,26.1046,24.7149,26.1027,,0.5889,,,11.6667,0.0073,0
300,300,0.1,50,0.2,266,0.5,250,25.8579,24.3806,25.8502,,0.5889,,,11.3333,0.03,0
300,300,0.1,50,0.2,267,0.5,250,25.5791,24.029,25.5833,,0.5889,,,11.0,0.0163,0
300,300,0.1,50,0.2,268,0.5,250,25.2932,23.6593,25.3016,,0.5889,,,10.6667,0.033,0
300,300,0.1,50,0.2,269,0.5,250,24.9966,23.2713,25.0045,,0.5889,,,10.3333,0.0319,0
300,300,0.1,50,0.2,270,0.5,250,24.6936,22.8643,24.6917,,0.5889,,,10.0,0.0079,0
300,300,0.1,50,0.2,271,0.5,250,24.356,22.4379,24.3625,,0.5889,,,9.6667,0.0266,0
300,300,0.1,50,0.2,272,0.5,250,24.0123,21.9916,24.0164,,0.5889,,,9.3333,0.0172,0
300,300,0.1,50,0.2,273,0.5,250,23.6537,21.5249,23.6531,,0.5889,,,9.0,0.0025,0
300,300,0.1,50,0.2,274,0.5,250,23.2584,21.0375,23.272,,0.5889,,,8.6667,0.0587,0
300,300,0.1,50,0.2,275,0.5,250,22.8866,20.5288,22.8726,,0.5889,,,8.3333,0.0611,0
300,300,0.1,50,0.2,276,0.5,250,22.4508,19.9984,22.4546,,0.5889,,,8.0,0.0168,0
300,300,0.1,50,0.2,277,0.5,250,22.0279,19.4459,22.0174,,0.5889,,,7.6667,0.048,0
300,300,0.1,50,0.2,278,0.5,250,21.551,18.871,21.5606,,0.5889,,,7.3333,0.0442,0
300,300,0.1,50,0.2,279,0.5,250,21.0748,18.2732,21.0837,,0.5889,,,7.0,0.0423,0
300,300,0.1,50,0.2,280,0.5,250,20.5924,17.6523,20.5865,,0.5889,,,6.6667,0.0289,0
300,300,0.1,50,0.2,281,0.5,250,20.0518,17.0078,20.0683,,0.5889,,,6.3333,0.0824,0
300,300,0.1,50,0.2,282,0.5,250,19.5082,16.3395,19.529,,0.5889,,,6.0,0.1064,0
300,300,0.1,50,0.2,283,0.5,250,18.9746,15.647,18.9681,,0.5889,,,5.6667,0.0344,0
300,300,0.1,50,0.2,284,0.5,250,18.363,14.9301,18.3852,,0.5889,,,5.3333,0.1206,0
300,300,0.1,50,0.2,285,0.5,250,17.7593,14.1885,17.78,,0.5889,,,5.0,0.1162,0
300,300,0.1,50,0.2,286,0.5,250,17.1376,13.4221,17.1522,,0.5889,,,4.6667,0.085,0
300,300,0.1,50,0.2,287,0.5,250,16.496,12.6305,16.5015,,0.5889,,,4.3333,0.0333,0
300,300,0.1,50,0.2,288,0.5,250,15.8318,11.8136,15.8275,,0.5889,,,4.0,0.0269,0
300,300,0.1,50,0.2,289,0.5,250,15.1392,10.9713,15.1301,,0.5889,,,3.6667,0.0599,0
300,300,0.1,50,0.2,290,0.5,250,14.4377,10.1033,14.409,,0.5889,,,3.3333,0.1986,0
300,300,0.1,50,0.2,291,0.5,250,13.7065,9.2096,13.664,,0.5889,,,3.0,0.3104,0
300,300,0.1,50,0.2,292,0.5,250,12.9865,8.2901,12.8948,,0.5989,,,2.6667,0.7063,0
300,300,0.1,50,0.2,293,0.5,250,12.2429,7.3447,12.1013,,0.601,,,2.3333,1.1563,0
300,300,0.1,50,0.2,294,0.5,250,11.4916,6.3733,11.2833,,0.6099,,,2.0,1.8123,0
300,300,0.1,50,0.2,295,0.5,250,10.7388,5.376,10.4407,,0.611,,,1.6667,2.7765,0
300,300,0.1,50,0.2,296,0.5,250,9.9886,4.3527,9.5733,,0.611,,,1.3333,4.1582,0
300,300,0.1,50,0.2,297,0.5,250,9.2527,3.3033,8.681,,0.6889,,,1.0,6.1791,0
300,300,0.1,50,0.2,298,0.5,250,8.5086,2.2281,7.7638,,0.6889,,,0.6667,8.753,0
300,300,0.1,50,0.2,299,0.5,250,7.8002,1.1269,6.8216,,0.691,,,0.3333,12.5453,0
300,300,0.1,50,0.2,300,0.5,250,7.1047,0.0,5.8544,,0.711,,,0.0,17.5981,0
50,50,0.1,50,0.2,42,0.3,250,3.1658,3.1615,3.1659,,0.5889,,,16.0,0.0041,0
50,50,0.1,50,0.2,43,0.3,250,3.1541,3.1413,3.1532,,0.611,,,14.0,0.0262,0
50,50,0.1,50,0.2,44,0.3,250,3.1199,3.0926,3.1211,,0.5889,,,12.0,0.0389,0
50,50,0.1,50,0.2,45,0.3,250,3.0482,2.9886,3.0492,,0.5889,,,10.0,0.0341,0
50,50,0.1,50,0.2,46,0.3,250,2.9043,2.7894,2.905,,0.5889,,,8.0,0.0234,0
50,50,0.1,50,0.2,47,0.3,250,2.6445,2.4439,2.6441,,0.5889,,,6.0,0.0161,0
50,50,0.1,50,0.2,48,0.3,250,2.2139,1.8961,2.2138,,0.5889,,,4.0,0.0084,0
50,50,0.1,50,0.2,49,0.3,250,1.5628,1.0943,1.5605,,0.5889,,,2.0,0.1432,0
50,50,0.1,50,0.2,50,0.3,250,0.7758,0.0,0.6393,,0.711,,,0.0,17.591,0
100,100,0.1,50,0.2,85,0.3,250,6.3216,6.3076,6.3223,,0.511,,,15.0,0.0114,0
100,100,0.1,50,0.2,86,0.3,250,6.3022,6.2826,6.3065,,0.4889,,,14.0,0.0676,0
100,100,0.1,50,0.2,87,0.3,250,6.2831,6.2438,6.2813,,0.611,,,13.0,0.0286,0
100,100,0.1,50,0.2,88,0.3,250,6.2466,6.1853,6.2423,,0.611,,,12.0,0.0689,0
100,100,0.1,50,0.2,89,0.3,250,6.187,6.0995,6.1837,,0.61,,,11.0,0.0531,0
100,100,0.1,50,0.2,90,0.3,250,6.0968,5.9772,6.0984,,0.5889,,,10.0,0.0266,0
100,100,0.1,50,0.2,91,0.3,250,5.9735,5.8078,5.9773,,0.5889,,,9.0,0.0632,0
100,100,0.1,50,0.2,92,0.3,250,5.811,5.5788,5.81,,0.5889,,,8.0,0.017,0
100,100,0.1,50,0.2,93,0.3,250,5.5859,5.2768,5.5846,,0.5889,,,7.0,0.0229,0
100,100,0.1,50,0.2,94,0.3,250,5.288,4.8878,5.2882,,0.5889,,,6.0,0.0044,0
100,100,0.1,50,0.2,95,0.3,250,4.9066,4.3975,4.9071,,0.5889,,,5.0,0.0094,0
100,100,0.1,50,0.2,96,0.3,250,4.4273,3.7923,4.4275,,0.5889,,,4.0,0.0057,0
100,100,0.1,50,0.2,97,0.3,250,3.8373,3.0596,3.8362,,0.5889,,,3.0,0.0276,0
100,100,0.1,50,0.2,98,0.3,250,3.1257,2.1886,3.121,,0.5889,,,2.0,0.1502,0
100,100,0.1,50,0.2,99,0.3,250,2.3358,1.1708,2.2713,,0.611,,,1.0,2.7583,0
100,100,0.1,50,0.2,100,0.3,250,1.5505,0.0,1.2786,,0.711,,,0.0,17.535,0
200,200,0.1,50,0.2,170,0.3,250,12.6515,12.6151,12.6446,,0.7889,,,15.0,0.0548,0
200,200,0.1,50,0.2,171,0.3,250,12.6333,12.5931,12.6307,,0.611,,,14.5,0.0205,0
200,200,0.1,50,0.2,172,0.3,250,12.6129,12.5653,12.613,,0.5889,,,14.0,0.0008,0
200,200,0.1,50,0.2,173,0.3,250,12.5892,12.5306,12.5906,,0.5889,,,13.5,0.0111,0
200,200,0.1,50,0.2,174,0.3,250,12.5611,12.4877,12.5626,,0.5889,,,13.0,0.0119,0
200,200,0.1,50,0.2,175,0.3,250,12.534,12.4349,12.5277,,0.611,,,12.5,0.0508,0
200,200,0.1,50,0.2,176,0.3,250,12.489,12.3706,12.4846,,0.61,,,12.0,0.0351,0
200,200,0.1,50,0.2,177,0.3,250,12.43,12.2926,12.4318,,0.5889,,,11.5,0.0143,0
200,200,0.1,50,0.2,178,0.3,250,12.3743,12.1989,12.3675,,0.611,,,11.0,0.0551,0
200,200,0.1,50,0.2,179,0.3,250,12.2868,12.0871,12.2899,,0.5889,,,10.5,0.0249,0
200,200,0.1,50,0.2,180,0.3,250,12.1931,11.9545,12.1968,,0.5889,,,10.0,0.0298,0
200,200,0.1,50,0.2,181,0.3,250,12.089,11.7983,12.0859,,0.59,,,9.5,0.0261,0
200,200,0.1,50,0.2,182,0.3,250,11.9505,11.6155,11.9546,,0.5889,,,9.0,0.0342,0
200,200,0.1,50,0.2,183,0.3,250,11.7952,11.4031,11.8003,,0.5889,,,8.5,0.0427,0
200,200,0.1,50,0.2,184,0.3,250,11.6244,11.1575,11.62,,0.589,,,8.0,0.038,0
200,200,0.1,50,0.2,185,0.3,250,11.4131,10.8756,11.4107,,0.5889,,,7.5,0.0203,0
200,200,0.1,50,0.2,186,0.3,250,11.1692,10.5536,11.1693,,0.5889,,,7.0,0.0004,0
200,200,0.1,50,0.2,187,0.3,250,10.8963,10.1882,10.8923,,0.5889,,,6.5,0.0364,0
200,200,0.1,50,0.2,188,0.3,250,10.571,9.7756,10.5764,,0.5889,,,6.0,0.0513,0
200,200,0.1,50,0.2,189,0.3,250,10.2201,9.3124,10.2182,,0.5889,,,5.5,0.0186,0
200,200,0.1,50,0.2,190,0.3,250,9.8103,8.795,9.8142,,0.5889,,,5.0,0.0398,0
200,200,0.1,50,0.2,191,0.3,250,9.3599,8.2201,9.3609,,0.5889,,,4.5,0.0107,0
200,200,0.1,50,0.2,192,0.3,250,8.8499,7.5845,8.855,,0.5889,,,4.0,0.0584,0
200,200,0.1,50,0.2,193,0.3,250,8.292,6.8851,8.2933,,0.5889,,,3.5,0.0156,0
200,200,0.1,50,0.2,194,0.3,250,7.6726,6.1191,7.6725,,0.5889,,,3.0,0.0012,0
200,200,0.1,50,0.2,195,0.3,250,6.9853,5.2839,6.9897,,0.5889,,,2.5,0.0629,0
200,200,0.1,50,0.2,196,0.3,250,6.2588,4.3772,6.2421,,0.5889,,,2.0,0.2672,0
200,200,0.1,50,0.2,197,0.3,250,5.4739,3.397,5.4272,,0.5989,,,1.5,0.8533,0
200,200,0.1,50,0.2,198,0.3,250,4.6697,2.3416,4.5427,,0.611,,,1.0,2.7197,0
200,200,0.1,50,0.2,199,0.3,250,3.8734,1.2096,3.5866,,0.6889,,,0.5,7.4033,0
200,200,0.1,50,0.2,200,0.3,250,3.1013,0.0,2.5573,,0.711,,,0.0,17.5408,0
300,300,0.1,50,0.2,255,0.3,250,18.9749,18.9227,18.9668,,0.711,,,15.0,0.0426,0
300,300,0.1,50,0.2,256,0.3,250,18.9577,18.9015,18.9535,,0.611,,,14.6667,0.0221,0
300,300,0.1,50,0.2,257,0.3,250,18.925,18.8768,18.9379,,0.411,,,14.3333,0.0678,0
300,300,0.1,50,0.2,258,0.3,250,18.9278,18.8479,18.9195,,0.6889,,,14.0,0.0439,0
300,300,0.1,50,0.2,259,0.3,250,18.8932,18.8145,18.898,,0.511,,,13.6667,0.0253,0
300,300,0.1,50,0.2,260,0.3,250,18.8784,18.776,18.8729,,0.611,,,13.3333,0.0292,0
300,300,0.1,50,0.2,261,0.3,250,18.8384,18.7315,18.8438,,0.511,,,13.0,0.0287,0
300,300,0.1,50,0.2,262,0.3,250,18.8092,18.6806,18.8102,,0.5889,,,12.6667,0.0053,0
300,300,0.1,50,0.2,263,0.3,250,18.7735,18.6223,18.7714,,0.591,,,12.3333,0.0112,0
300,300,0.1,50,0.2,264,0.3,250,18.7322,18.5558,18.7269,,0.6089,,,12.0,0.0286,0
300,300,0.1,50,0.2,265,0.3,250,18.6727,18.4804,18.6758,,0.5889,,,11.6667,0.0168,0
300,300,0.1,50,0.2,266,0.3,250,18.6145,18.3949,18.6175,,0.5889,,,11.3333,0.0162,0
300,300,0.1,50,0.2,267,0.3,250,18.5649,18.2984,18.5512,,0.611,,,11.0,0.0736,0
300,300,0.1,50,0.2,268,0.3,250,18.4711,18.1898,18.476,,0.5889,,,10.6667,0.0268,0
300,300,0.1,50,0.2,269,0.3,250,18.3898,18.068,18.391,,0.5889,,,10.3333,0.0064,0
300,300,0.1,50,0.2,270,0.3,250,18.2986,17.9317,18.2952,,0.589,,,10.0,0.019,0
300,300,0.1,50,0.2,271,0.3,250,18.1838,17.7797,18.1874,,0.5889,,,9.6667,0.0197,0
300,300,0.1,50,0.2,272,0.3,250,18.0759,17.6107,18.0667,,0.5989,,,9.3333,0.0509,0
300,300,0.1,50,0.2,273,0.3,250,17.9287,17.4233,17.9319,,0.5889,,,9.0,0.0179,0
300,300,0.1,50,0.2,274,0.3,250,17.7803,17.2161,17.7817,,0.5889,,,8.6667,0.0076,0
300,300,0.1,50,0.2,275,0.3,250,17.6167,16.9876,17.6148,,0.5889,,,8.3333,0.0103,0
300,300,0.1,50,0.2,276,0.3,250,17.4286,16.7363,17.43,,0.5889,,,8.0,0.0084,0
300,300,0.1,50,0.2,277,0.3,250,17.2327,16.4607,17.2259,,0.5889,,,7.6667,0.0396,0
300,300,0.1,50,0.2,278,0.3,250,16.9971,16.1593,17.001,,0.5889,,,7.3333,0.0231,0
300,300,0.1,50,0.2,279,0.3,250,16.7583,15.8304,16.7539,,0.5889,,,7.0,0.026,0
300,300,0.1,50,0.2,280,0.3,250,16.4707,15.4726,16.4832,,0.5889,,,6.6667,0.0757,0
300,300,0.1,50,0.2,281,0.3,250,16.1774,15.0841,16.1873,,0.5889,,,6.3333,0.0606,0
300,300,0.1,50,0.2,282,0.3,250,15.8744,14.6634,15.8646,,0.5889,,,6.0,0.0614,0
300,300,0.1,50,0.2,283,0.3,250,15.5042,14.2089,15.5138,,0.5889,,,5.6667,0.0617,0
300,300,0.1,50,0.2,284,0.3,250,15.1316,13.7191,15.1332,,0.5889,,,5.3333,0.0102,0
300,300,0.1,50,0.2,285,0.3,250,14.7182,13.1925,14.7213,,0.5889,,,5.0,0.0205,0
300,300,0.1,50,0.2,286,0.3,250,14.2681,12.6275,14.2765,,0.5889,,,4.6667,0.0591,0
300,300,0.1,50,0.2,287,0.3,250,13.7959,12.0228,13.7975,,0.5889,,,4.3333,0.0111,0
300,300,0.1,50,0.2,288,0.3,250,13.2658,11.3768,13.2826,,0.5889,,,4.0,0.1263,0
300,300,0.1,50,0.2,289,0.3,250,12.7298,10.6883,12.7304,,0.5889,,,3.6667,0.0049,0
300,300,0.1,50,0.2,290,0.3,250,12.1396,9.956,12.1396,,0.5889,,,3.3333,0.0005,0
300,300,0.1,50,0.2,291,0.3,250,11.5041,9.1787,11.5087,,0.5889,,,3.0,0.0396,0
300,300,0.1,50,0.2,292,0.3,250,10.8235,8.3552,10.8365,,0.5889,,,2.6667,0.1197,0
300,300,0.1,50,0.2,293,0.3,250,10.1283,7.4846,10.1217,,0.5889,,,2.3333,0.0656,0
300,300,0.1,50,0.2,294,0.3,250,9.3752,6.5658,9.3631,,0.5889,,,2.0,0.1294,0
300,300,0.1,50,0.2,295,0.3,250,8.5983,5.598,8.5596,,0.591,,,1.6667,0.4498,0
300,300,0.1,50,0.2,296,0.3,250,7.8171,4.5804,7.7103,,0.601,,,1.3333,1.3664,0
300,300,0.1,50,0.2,297,0.3,250,7.0059,3.5124,6.814,,0.611,,,1.0,2.7386,0
300,300,0.1,50,0.2,298,0.3,250,6.2033,2.3933,5.8701,,0.611,,,0.6667,5.3724,0
300,300,0.1,50,0.2,299,0.3,250,5.4181,1.2226,4.8776,,0.6889,,,0.3333,9.9764,0
300,300,0.1,50,0.2,300,0.3,250,4.6519,0.0,3.8359,,0.711,,,0.0,17.5409,0
300,300,0.1,50,1.0,255,0.35,250,47.003,43.6182,46.9715,0.5889,,,,15.0,0.0671,0
300,300,0.1,50,1.0,256,0.35,250,46.5747,43.0895,46.5687,0.5889,,,,14.6667,0.0127,0
300,300,0.1,50,1.0,257,0.35,250,46.127,42.544,46.152,0.5889,,,,14.3333,0.0542,0
300,300,0.1,50,1.0,258,0.35,250,45.7227,41.9813,45.721,0.5889,,,,14.0,0.0037,0
300,300,0.1,50,1.0,259,0.35,250,45.2548,41.4011,45.2755,0.5889,,,,13.6667,0.0458,0
300,300,0.1,50,1.0,260,0.35,250,44.8161,40.8033,44.8153,0.5889,,,,13.3333,0.0019,0
300,300,0.1,50,1.0,261,0.35,250,44.3298,40.1875,44.34,0.5889,,,,13.0,0.023,0
300,300,0.1,50,1.0,262,0.35,250,43.8706,39.5536,43.8494,0.5889,,,,12.6667,0.0484,0
300,300,0.1,50,1.0,263,0.35,250,43.3577,38.9011,43.3432,0.5889,,,,12.3333,0.0335,0
300,300,0.1,50,1.0,264,0.35,250,42.7831,38.23,42.8212,0.5889,,,,12.0,0.0891,0
300,300,0.1,50,1.0,265,0.35,250,42.3251,37.5399,42.2832,0.5889,,,,11.6667,0.0989,0
300,300,0.1,50,1.0,266,0.35,250,41.7415,36.8307,41.7288,0.5889,,,,11.3333,0.0304,0
300,300,0.1,50,1.0,267,0.35,250,41.129,36.102,41.1579,0.5889,,,,11.0,0.0703,0
300,300,0.1,50,1.0,268,0.35,250,40.5857,35.3537,40.5702,0.5889,,,,10.6667,0.0383,0
300,300,0.1,50,1.0,269,0.35,250,39.9341,34.5856,39.9655,0.5889,,,,10.3333,0.0787,0
300,300,0.1,50,1.0,270,0.35,250,39.3178,33.7974,39.3435,0.5889,,,,10.0,0.0653,0
300,300,0.1,50,1.0,271,0.35,250,38.697,32.9889,38.704,0.5889,,,,9.6667,0.018,0
300,300,0.1,50,1.0,272,0.35,250,38.0533,32.1599,38.0467,0.5889,,,,9.3333,0.0173,0
300,300,0.1,50,1.0,273,0.35,250,37.3345,31.3103,37.3716,0.5889,,,,9.0,0.0992,0
300,300,0.1,50,1.0,274,0.35,250,36.6856,30.4398,36.6782,0.5889,,,,8.6667,0.02,0
300,300,0.1,50,1.0,275,0.35,250,35.9831,29.5482,35.9666,0.5889,,,,8.3333,0.0461,0
300,300,0.1,50,1.0,276,0.35,250,35.1961,28.6354,35.2363,0.5889,,,,8.0,0.1143,0
300,300,0.1,50,1.0,277,0.35,250,34.4426,27.7012,34.4873,0.5889,,,,7.6667,0.1296,0
300,300,0.1,50,1.0,278,0.35,250,33.6904,26.7454,33.7193,0.5889,,,,7.3333,0.0856,0
300,300,0.1,50,1.0,279,0.35,250,32.8907,25.7679,32.9321,0.5889,,,,7.0,0.1259,0
300,300,0.1,50,1.0,280,0.35,250,32.1155,24.7685,32.1256,0.5889,,,,6.6667,0.0315,0
300,300,0.1,50,1.0,281,0.35,250,31.2717,23.7471,31.2996,0.5889,,,,6.3333,0.0891,0
300,300,0.1,50,1.0,282,0.35,250,30.4508,22.7035,30.4538,0.5889,,,,6.0,0.0099,0
300,300,0.1,50,1.0,283,0.35,250,29.6043,21.6375,29.5882,0.5889,,,,5.6667,0.0544,0
300,300,0.1,50,1.0,284,0.35,250,28.7555,20.5492,28.7026,0.5889,,,,5.3333,0.184,0
300,300,0.1,50,1.0,285,0.35,250,27.845,19.4382,27.7968,0.5889,,,,5.0,0.1731,0
300,300,0.1,50,1.0,286,0.35,250,26.9322,18.3046,26.8706,0.5889,,,,4.6667,0.2288,0
300,300,0.1,50,1.0,287,0.35,250,26.0532,17.1482,25.9239,0.591,,,,4.3333,0.4965,0
300,300,0.1,50,1.0,288,0.35,250,25.1614,15.9689,24.9566,0.5989,,,,4.0,0.8141,0
300,300,0.1,50,1.0,289,0.35,250,24.2569,14.7665,23.9685,0.601,,,,3.6667,1.1888,0
300,300,0.1,50,1.0,290,0.35,250,23.2929,13.5411,22.9595,0.6089,,,,3.3333,1.4312,0
300,300,0.1,50,1.0,291,0.35,250,22.3555,12.2925,21.9295,0.611,,,,3.0,1.9059,0
300,300,0.1,50,1.0,292,0.35,250,21.4623,11.0206,20.8783,0.611,,,,2.6667,2.7209,0
300,300,0.1,50,1.0,293,0.35,250,20.5101,9.7254,19.8058,0.611,,,,2.3333,3.4337,0
300,300,0.1,50,1.0,294,0.35,250,19.5509,8.4067,18.712,0.611,,,,2.0,4.2909,0
300,300,0.1,50,1.0,295,0.35,250,18.6293,7.0646,17.5967,0.611,,,,1.6667,5.5431,0
300,300,0.1,50,1.0,296,0.35,250,17.7659,5.699,16.4598,0.6889,,,,1.3333,7.3516,0
300,300,0.1,50,1.0,297,0.35,250,16.8431,4.3097,15.3012,0.6889,,,,1.0,9.1542,0
300,300,0.1,50,1.0,298,0.35,250,15.9325,2.8969,14.1209,0.6889,,,,0.6667,11.3708,0
300,300,0.1,50,1.0,299,0.35,250,15.0312,1.4603,12.9187,0.701,,,,0.3333,14.0542,0
300,300,0.1,50,1.0,300,0.35,250,14.2146,0.0,11.6946,0.711,,,,0.0,17.7286,0
300,300,0.1,50,1.0,255,0.4,250,48.9049,44.439,48.9021,0.5889,,,,15.0,0.0058,0
300,300,0.1,50,1.0,256,0.4,250,48.4351,43.83,48.4306,0.5889,,,,14.6667,0.0093,0
300,300,0.1,50,1.0,257,0.4,250,47.9565,43.2055,47.9461,0.5889,,,,14.3333,0.0218,0
300,300,0.1,50,1.0,258,0.4,250,47.4915,42.5653,47.4482,0.5889,,,,14.0,0.0912,0
300,300,0.1,50,1.0,259,0.4,250,46.932,41.9092,46.9368,0.5889,,,,13.6667,0.0104,0
300,300,0.1,50,1.0,260,0.4,250,46.374,41.2372,46.4119,0.5889,,,,13.3333,0.0817,0
300,300,0.1,50,1.0,261,0.4,250,45.8647,40.549,45.8731,0.5889,,,,13.0,0.0182,0
300,300,0.1,50,1.0,262,0.4,250,45.3299,39.8446,45.3203,0.5889,,,,12.6667,0.0212,0
300,300,0.1,50,1.0,263,0.4,250,44.7631,39.1236,44.7534,0.5889,,,,12.3333,0.0217,0
300,300,0.1,50,1.0,264,0.4,250,44.1689,38.3862,44.1722,0.5889,,,,12.0,0.0075,0
300,300,0.1,50,1.0,265,0.4,250,43.5825,37.632,43.5766,0.5889,,,,11.6667,0.0134,0
300,300,0.1,50,1.0,266,0.4,250,42.962,36.861,42.9664,0.5889,,,,11.3333,0.0102,0
300,300,0.1,50,1.0,267,0.4,250,42.3237,36.073,42.3414,0.5889,,,,11.0,0.042,0
300,300,0.1,50,1.0,268,0.4,250,41.7296,35.2679,41.7016,0.5889,,,,10.6667,0.067,0
300,300,0.1,50,1.0,269,0.4,250,41.0027,34.4456,41.0468,0.5889,,,,10.3333,0.1075,0
300,300,0.1,50,1.0,270,0.4,250,40.3888,33.6061,40.3768,0.5889,,,,10.0,0.0297,0
300,300,0.1,50,1.0,271,0.4,250,39.701,32.7491,39.6915,0.5889,,,,9.6667,0.024,0
300,300,0.1,50,1.0,272,0.4,250,38.9904,31.8746,38.9908,0.5889,,,,9.3333,0.001,0
300,300,0.1,50,1.0,273,0.4,250,38.2243,30.9825,38.2745,0.5889,,,,9.0,0.1314,0
300,300,0.1,50,1.0,274,0.4,250,37.5098,30.0726,37.5426,0.5889,,,,8.6667,0.0874,0
300,300,0.1,50,1.0,275,0.4,250,36.7583,29.145,36.795,0.5889,,,,8.3333,0.0996,0
300,300,0.1,50,1.0,276,0.4,250,35.9825,28.1995,36.0314,0.5889,,,,8.0,0.1358,0
300,300,0.1,50,1.0,277,0.4,250,35.2555,27.236,35.2518,0.5889,,,,7.6667,0.0103,0
300,300,0.1,50,1.0,278,0.4,250,34.4641,26.2545,34.4562,0.5889,,,,7.3333,0.0231,0
300,300,0.1,50,1.0,279,0.4,250,33.6424,25.2549,33.6443,0.5889,,,,7.0,0.0057,0
300,300,0.1,50,1.0,280,0.4,250,32.8195,24.2371,32.8161,0.5889,,,,6.6667,0.0103,0
300,300,0.1,50,1.0,281,0.4,250,32.0117,23.2011,31.9716,0.5889,,,,6.3333,0.1253,0
300,300,0.1,50,1.0,282,0.4,250,31.1424,22.1468,31.1105,0.5889,,,,6.0,0.1022,0
300,300,0.1,50,1.0,283,0.4,250,30.3082,21.0741,30.2329,0.5889,,,,5.6667,0.2483,0
300,300,0.1,50,1.0,284,0.4,250,29.4137,19.983,29.3387,0.5889,,,,5.3333,0.255,0
300,300,0.1,50,1.0,285,0.4,250,28.5871,18.8735,28.4277,0.591,,,,5.0,0.5578,0
300,300,0.1,50,1.0,286,0.4,250,27.6627,17.7455,27.4999,0.591,,,,4.6667,0.5886,0
300,300,0.1,50,1.0,287,0.4,250,26.7786,16.599,26.5552,0.5989,,,,4.3333,0.8341,0
300,300,0.1,50,1.0,288,0.4,250,25.8945,15.434,25.5937,0.601,,,,4.0,1.1618,0
300,300,0.1,50,1.0,289,0.4,250,25.0085,14.2504,24.6151,0.6089,,,,3.6667,1.5732,0
300,300,0.1,50,1.0,290,0.4,250,24.1216,13.0481,23.6195,0.611,,,,3.3333,2.0817,0
300,300,0.1,50,1.0,291,0.4,250,23.2612,11.8273,22.6067,0.611,,,,3.0,2.8136,0
300,300,0.1,50,1.0,292,0.4,250,22.3178,10.5878,21.5768,0.611,,,,2.6667,3.3203,0
300,300,0.1,50,1.0,293,0.4,250,21.4352,9.3296,20.5297,0.611,,,,2.3333,4.224,0
300,300,0.1,50,1.0,294,0.4,250,20.5665,8.0528,19.4654,0.611,,,,2.0,5.354,0
300,300,0.1,50,1.0,295,0.4,250,19.6844,6.7573,18.3838,0.6889,,,,1.6667,6.6073,0
300,300,0.1,50,1.0,296,0.4,250,18.7911,5.4432,17.2848,0.6889,,,,1.3333,8.0159,0
300,300,0.1,50,1.0,297,0.4,250,17.9444,4.1104,16.1686,0.6889,,,,1.0,9.8965,0
300,300,0.1,50,1.0,298,0.4,250,17.0807,2.7589,15.0349,0.6909,,,,0.6667,11.9771,0
300,300,0.1,50,1.0,299,0.4,250,16.2557,1.3888,13.8838,0.7089,,,,0.3333,14.5909,0
300,300,0.1,50,1.0,300,0.4,250,15.4191,0.0,12.7153,0.711,,,,0.0,17.535,0
