S0,K,r,m,T,H,sigma,trading_days,price_iter,price,price_adj,price_adj_custom,best_beta,error,error_custom,H_percent,error_percent
50,50,0.1,100,2.0,42,0.5,50,10.849115171483296,9.367376668353051,10.855611869203408,10.855611869203408,0.5889,-0.0598822818029229,-0.0598822818029229,16.0,0.05988228180292299
50,50,0.1,100,2.0,43,0.5,50,10.03363227344626,8.406963180596856,10.034643813031591,10.034643813031591,0.5889,-0.0100814895121277,-0.0100814895121277,14.000000000000002,0.010081489512110093
50,50,0.1,100,2.0,44,0.5,50,9.14748748803853,7.385448299920235,9.15737097062111,9.15737097062111,0.5889,-0.1080458715631401,-0.1080458715631401,12.0,0.10804587156314016
50,50,0.1,100,2.0,45,0.5,50,8.223829516224662,6.30311998412283,8.223741477562992,7.264009789274894,0.5889,0.0010705312104974,11.671201659228885,10.0,0.0010705312104974617
50,50,0.1,100,2.0,46,0.5,50,7.243471213917239,5.160434621307587,7.233878156074452,6.213181721407789,0.5889,0.1324373019437914,14.223698308207586,8.0,0.13243730194379144
50,50,0.1,100,2.0,47,0.5,50,6.229272480049096,3.957996205195688,6.188061309397137,5.107154769168327,0.591,0.6615727724858647,18.01362381360986,6.0,0.6615727724858647
50,50,0.1,100,2.0,48,0.5,50,5.207796180624693,2.696536177264935,5.086711519316907,3.946656333244551,0.611,2.3250652888120813,24.2163825856346,4.0,2.3250652888120813
50,50,0.1,100,2.0,49,0.5,50,4.219979064462983,1.3768941926845883,3.930372747297909,2.732524652987064,0.6889,6.862742983819231,35.247909734955215,2.0,6.862742983819231
100,100,0.1,100,2.0,85,0.5,50,20.9292,17.7896,20.9043,20.9043,0.5889,0.1189,0.1189,15.0,0.11897253597845289
100,100,0.1,100,2.0,86,0.5,50,20.0638,16.8139,20.0693,20.0693,0.5889,-0.0273,-0.0273,14.000000000000002,0.027412553952879514
100,100,0.1,100,2.0,87,0.5,50,19.2099,15.8077,19.2061,19.2061,0.5889,0.0197,0.0197,13.0,0.019781466847832635
100,100,0.1,100,2.0,88,0.5,50,18.289,14.7709,18.3147,18.3147,0.5889,-0.1408,-0.1408,12.0,0.14052162502048743
100,100,0.1,100,2.0,89,0.5,50,17.3794,13.7037,17.3952,17.3952,0.5889,-0.0908,-0.0908,11.0,0.09091222942103125
100,100,0.1,100,2.0,90,0.5,50,16.4399,12.6062,16.4475,16.4639,0.5889,-0.0459,-0.1455,10.0,0.04622899166053352
100,100,0.1,100,2.0,91,0.5,50,15.4566,11.4786,15.4717,15.5499,0.5889,-0.0972,-0.6034,9.0,0.0976928949445566
100,100,0.1,100,2.0,92,0.5,50,14.4779,10.3209,14.4678,14.6136,0.5889,0.0701,-0.9374,8.0,0.06976149855987093
100,100,0.1,100,2.0,93,0.5,50,13.4677,9.1333,13.4359,13.6553,0.5889,0.2363,-1.3931,7.000000000000001,0.23612049570454116
100,100,0.1,100,2.0,94,0.5,50,12.4537,7.916,12.3761,12.6753,0.591,0.6232,-1.7795,6.0,0.6231079920023795
100,100,0.1,100,2.0,95,0.5,50,11.4436,6.6692,11.2886,11.674,0.601,1.3544,-2.0135,5.0,1.354468873431432
100,100,0.1,100,2.0,96,0.5,50,10.4231,5.3931,10.1734,10.6516,0.611,2.3954,-2.1925,4.0,2.395640452456553
100,100,0.1,100,2.0,97,0.5,50,9.4166,4.0879,9.0308,9.6086,0.611,4.0972,-2.0393,3.0,4.097020155894924
100,100,0.1,100,2.0,98,0.5,50,8.4474,2.7538,7.8607,8.5453,0.6889,6.9452,-1.1585,2.0,6.945332291592685
100,100,0.1,100,2.0,99,0.5,50,7.4977,1.3911,6.6636,7.4621,0.6889,11.1247,0.4742,1.0,11.124744921776015
200,200,0.1,100,2.0,170,0.5,50,41.8426,35.5793,41.8086,41.8086,0.5889,0.0811,0.0811,15.0,0.08125690086179856
200,200,0.1,100,2.0,171,0.5,50,40.9744,34.6112,40.9806,40.9806,0.5889,-0.0152,-0.0152,14.499999999999998,0.015131399117497172
200,200,0.1,100,2.0,172,0.5,50,40.0699,33.6279,40.1386,40.1386,0.5889,-0.1713,-0.1713,14.000000000000002,0.1714503904427008
200,200,0.1,100,2.0,173,0.5,50,39.2893,32.6292,39.2824,39.2824,0.5889,0.0176,0.0176,13.5,0.017562033428935045
200,200,0.1,100,2.0,174,0.5,50,38.4131,31.6153,38.4122,38.4122,0.5889,0.0022,0.0022,13.0,0.002342950712130641
200,200,0.1,100,2.0,175,0.5,50,37.5286,30.5862,37.5279,37.5279,0.5889,0.0019,0.0019,12.5,0.001865244107147125
200,200,0.1,100,2.0,176,0.5,50,36.611,29.5418,36.6295,36.6295,0.5889,-0.0506,-0.0506,12.0,0.05053126109640018
200,200,0.1,100,2.0,177,0.5,50,35.7008,28.4822,35.717,35.717,0.5889,-0.0452,-0.0452,11.5,0.04537713440594544
200,200,0.1,100,2.0,178,0.5,50,34.7871,27.4074,34.7904,34.7904,0.5889,-0.0096,-0.0096,11.0,0.009486275084717787
200,200,0.1,100,2.0,179,0.5,50,33.8539,26.3175,33.8497,33.8497,0.5889,0.0123,0.0123,10.5,0.012406251569256193
200,200,0.1,100,2.0,180,0.5,50,32.8458,25.2125,32.895,51.4812,0.5889,-0.1497,-56.7362,10.0,0.1497908408381167
200,200,0.1,100,2.0,181,0.5,50,31.8814,24.0923,31.9262,51.2218,0.5889,-0.1403,-60.6635,9.5,0.1405208052344068
200,200,0.1,100,2.0,182,0.5,50,30.9465,22.9571,30.9433,50.9675,0.5889,0.0105,-64.6953,9.0,0.010340426219442093
200,200,0.1,100,2.0,183,0.5,50,29.9082,21.8069,29.9464,50.7187,0.5889,-0.1279,-69.5814,8.5,0.1277241692913642
200,200,0.1,100,2.0,184,0.5,50,28.9185,20.6417,28.9355,50.4756,0.5889,-0.0589,-74.5443,8.0,0.058785898300394074
200,200,0.1,100,2.0,185,0.5,50,27.9608,19.4616,27.9106,50.2385,0.5889,0.1795,-79.6746,7.5,0.17953706617836487
200,200,0.1,100,2.0,186,0.5,50,26.927,18.2666,26.8718,50.0077,0.5889,0.2052,-85.7158,7.000000000000001,0.2049987001893982
200,200,0.1,100,2.0,187,0.5,50,25.9285,17.0567,25.819,49.7835,0.59,0.4225,-92.003,6.5,0.42231521298956975
200,200,0.1,100,2.0,188,0.5,50,24.8969,15.832,24.7522,49.5662,0.591,0.5812,-99.0857,6.0,0.5811968558334584
200,200,0.1,100,2.0,189,0.5,50,23.8755,14.5925,23.6716,49.3561,0.5989,0.8537,-106.7229,5.5,0.8540135285124807
200,200,0.1,100,2.0,190,0.5,50,22.8364,13.3384,22.5772,49.1533,0.6,1.1352,-115.241,5.0,1.1350300397610824
200,200,0.1,100,2.0,191,0.5,50,21.8525,12.0696,21.4689,48.9583,0.6089,1.7553,-124.0401,4.5,1.7554055600045657
200,200,0.1,100,2.0,192,0.5,50,20.8027,10.7861,20.3468,48.7713,0.611,2.1915,-134.4464,4.0,2.1915424440096705
200,200,0.1,100,2.0,193,0.5,50,19.7709,9.4882,19.211,48.5924,0.611,2.8316,-145.7779,3.5000000000000004,2.8319398712248938
200,200,0.1,100,2.0,194,0.5,50,18.7876,8.1757,18.0615,48.4221,0.611,3.8648,-157.7343,3.0,3.8647831548468266
200,200,0.1,100,2.0,195,0.5,50,17.8643,6.8488,16.8983,48.2606,0.611,5.4073,-170.1509,2.5,5.407432700973456
200,200,0.1,100,2.0,196,0.5,50,16.8809,5.5076,15.7215,48.108,0.6889,6.868,-184.9853,2.0,6.868117221238203
200,200,0.1,100,2.0,197,0.5,50,15.9017,4.152,14.5311,47.9647,0.6889,8.6195,-201.6321,1.5,8.619204236025077
200,200,0.1,100,2.0,198,0.5,50,14.9548,2.7822,13.3271,47.8309,0.6889,10.8841,-219.8361,1.0,10.884130847620836
200,200,0.1,100,2.0,199,0.5,50,14.0955,1.3981,12.1097,47.7069,0.699,14.0885,-238.4539,0.5,14.088184172253552
300,300,0.1,100,2.0,255,0.5,50,62.71552365569886,53.36891063192144,62.71293245584357,62.71293245584357,0.5889,0.0041316721989183,0.0041316721989183,15.0,0.004131672198918318
300,300,0.1,100,2.0,256,0.5,50,61.82332625198982,52.40339409541687,61.88728799410335,61.88728799410335,0.5889,-0.1034589142823229,-0.1034589142823229,14.666666666666666,0.10345891428233443
300,300,0.1,100,2.0,257,0.5,50,61.046990591445066,51.42768218734828,61.05226657914302,61.05226657914302,0.5889,-0.0086425025162433,-0.0086425025162433,14.333333333333334,0.008642502516243303
300,300,0.1,100,2.0,258,0.5,50,60.21951779133289,50.44177908358111,60.207862878189545,60.207862878189545,0.5889,0.0193540459485766,0.0193540459485766,14.000000000000002,0.019354045948576686
300,300,0.1,100,2.0,259,0.5,50,59.36826629976161,49.44568985416511,59.35407245853372,59.35407245853372,0.5889,0.0239081282182281,0.0239081282182281,13.666666666666666,0.02390812821822815
300,300,0.1,100,2.0,260,0.5,50,58.50357385473424,48.4394204469282,58.490891774771086,58.490891774771086,0.5889,0.02167744485943,0.02167744485943,13.333333333333334,0.02167744485943006
300,300,0.1,100,2.0,261,0.5,50,57.59776996637599,47.422977671062526,57.6183181559437,57.6183181559437,0.5889,-0.0356753214225271,-0.0356753214225271,13.0,0.03567532142251478
300,300,0.1,100,2.0,262,0.5,50,56.71558480401152,46.39636918071284,56.73634979259185,56.73634979259185,0.5889,-0.0366124913497556,-0.0366124913497556,12.666666666666668,0.036612491349755645
300,300,0.1,100,2.0,263,0.5,50,55.79730884034117,45.359603458576046,55.844985723725856,55.844985723725856,0.5889,-0.0854465643156821,-0.0854465643156821,12.333333333333334,0.08544656431569486
300,300,0.1,100,2.0,264,0.5,50,54.88680988565312,44.31268979952138,54.94422582372667,54.94422582372667,0.5889,-0.1046078979506544,-0.1046078979506544,12.0,0.10460789795064147
300,300,0.1,100,2.0,265,0.5,50,53.94509702339506,43.25563829423956,54.03407078918539,54.03407078918539,0.5889,-0.1649339248601996,-0.1649339248601996,11.666666666666666,0.16493392486021288
300,300,0.1,100,2.0,266,0.5,50,53.08635681437999,42.18845981292938,53.11452212568919,53.11452212568919,0.5889,-0.0530556493218848,-0.0530556493218848,11.333333333333332,0.053055649321884855
300,300,0.1,100,2.0,267,0.5,50,52.2412314257129,41.1111659890304,52.18558213456353,52.18558213456353,0.5889,0.1065236971461866,0.1065236971461866,11.0,0.10652369714618667
300,300,0.1,100,2.0,268,0.5,50,51.23372173508221,40.02376920300826,51.24725389957828,51.24725389957828,0.5889,-0.0264126127046585,-0.0264126127046585,10.666666666666668,0.026412612704658594
300,300,0.1,100,2.0,269,0.5,50,50.39107418676336,38.92628256620164,50.299541273625366,50.299541273625366,0.5889,0.181645092142197,0.181645092142197,10.333333333333334,0.1816450921422111
300,300,0.1,100,2.0,270,0.5,50,49.3553694828888,37.81871990473694,49.34244886537793,105.02303109348962,0.5889,0.0261787474113663,-112.78947395966806,10.0,0.026178747411351927
300,300,0.1,100,2.0,271,0.5,50,48.33172510337526,36.70109574351844,48.375982025936,105.05541116973576,0.5889,-0.0915690935220593,-117.36325559461392,9.666666666666666,0.09156909352205934
300,300,0.1,100,2.0,272,0.5,50,47.25167307198816,35.57342529029948,47.400146835467694,105.08615599908488,0.5889,-0.3142190610972357,-122.39668813204896,9.333333333333334,0.31421906109723574
300,300,0.1,100,2.0,273,0.5,50,46.39956262951568,34.43572441984257,46.414950089853306,105.1152690585276,0.5889,-0.0331629426348079,-126.54366356389252,9.0,0.033162942634807915
300,300,0.1,100,2.0,274,0.5,50,45.38969006055551,33.28800965817338,45.42039928733786,105.14276040651342,0.5889,-0.067656832953429,-131.64458771637317,8.666666666666668,0.06765683295342903
300,300,0.1,100,2.0,275,0.5,50,44.34278828100425,32.13029816693458,44.41650261520063,105.16864648135004,0.5889,-0.1662374808937138,-137.17192932227636,8.333333333333332,0.16623748089371382
300,300,0.1,100,2.0,276,0.5,50,43.467145351159786,30.96260772784548,43.40326893644669,105.19294985330676,0.5889,0.1469533234746653,-142.00565508381152,8.0,0.14695332347466533
300,300,0.1,100,2.0,277,0.5,50,42.47332327359745,29.78495672727309,42.38070777652776,105.21569893208569,0.5889,0.2180556875031873,-147.72184237697869,7.666666666666666,0.2180556875031873
300,300,0.1,100,2.0,278,0.5,50,41.37955638387772,28.59736414091857,41.34882931009767,105.23692763191453,0.5889,0.074256653442571,-154.32106293173524,7.333333333333333,0.07425665344257103
300,300,0.1,100,2.0,279,0.5,50,40.38464177915208,27.399849518624777,40.30764434780943,105.25667499710208,0.5889,0.1906601815703194,-160.6354058374714,7.000000000000001,0.19066018157031947
300,300,0.1,100,2.0,280,0.5,50,39.38785055871471,26.192432969309664,39.257164323157895,105.2749847914736,0.5889,0.3317932654436277,-167.27781104618086,6.666666666666667,0.3317932654436277
300,300,0.1,100,2.0,281,0.5,50,38.44421211831025,24.97513514602917,38.19740127937507,105.2919050556558,0.591,0.6419973913774766,-173.8823330066563,6.333333333333334,0.6419973913774766
300,300,0.1,100,2.0,282,0.5,50,37.29428451266056,23.74797723117408,37.12836785638278,105.3074876366983,0.59,0.4448849426819139,-182.36897158048123,6.0,0.4448849426819139
300,300,0.1,100,2.0,283,0.5,50,36.36588910951382,22.510980921804983,36.050077277807176,105.32178769498742,0.5989,0.8684287375886706,-189.6169742414844,5.666666666666666,0.8684287375886706
300,300,0.1,100,2.0,284,0.5,50,35.29460877337299,21.264168415128808,34.9625433380605,105.33486319381656,0.5989,0.9408389747133588,-198.444626118886,5.333333333333334,0.9408389747133589
300,300,0.1,100,2.0,285,0.5,50,34.28159805009965,20.0075623941202,33.86578038949489,105.3467743773144,0.601,1.2129471327360055,-207.29831854209075,5.0,1.2129471327360055
300,300,0.1,100,2.0,286,0.5,50,33.237637008044274,18.7411860132911,32.75980332963246,105.35758324268367,0.601,1.4376283076205618,-216.98277232278792,4.666666666666667,1.4376283076205618
300,300,0.1,100,2.0,287,0.5,50,32.2529230559845,17.46506288461255,31.64462758847548,105.36735301286336,0.609,1.8860165525250328,-226.6908640496464,4.333333333333334,1.8860165525250117
300,300,0.1,100,2.0,288,0.5,50,31.27425221922901,16.17921706358959,30.52026911590136,105.37614761578205,0.611,2.410874920501115,-236.9421813097465,4.0,2.4108749205010924
300,300,0.1,100,2.0,289,0.5,50,30.250948341907687,14.883673035493771,29.38674436914665,105.3840311763184,0.611,2.856783076660842,-248.366041240189,3.6666666666666665,2.8567830766608537
300,300,0.1,100,2.0,290,0.5,50,29.24324659257365,13.578455701755075,28.244070300382702,105.39106752691848,0.611,3.41677620857834,-260.3945519294107,3.3333333333333335,3.416776208578328
300,300,0.1,100,2.0,291,0.5,50,28.253346229259343,12.26359036651516,27.09226434438692,105.39731974253765,0.611,4.109537594063826,-273.0436702516585,3.0,4.109537594063814
300,300,0.1,100,2.0,292,0.5,50,27.28457674842938,10.939102723344815,25.931344406314096,105.40284970518148,0.611,4.95969702807716,-286.3092716336489,2.666666666666667,4.95969702807716
300,300,0.1,100,2.0,293,0.5,50,26.28945958507159,9.605018842127024,24.76132884956958,105.40771770281587,0.611,5.812712621790658,-300.95049257943447,2.3333333333333335,5.812712621790658
300,300,0.1,100,2.0,294,0.5,50,25.331343862996786,8.261365156107459,23.582236483787423,105.41198206681202,0.6889,6.904913488480173,-316.1326088222049,2.0,6.904913488480187
300,300,0.1,100,2.0,295,0.5,50,24.383915279287137,6.908168449114427,22.39408655291785,105.4156988513979,0.6889,8.160415190006578,-332.3165399977543,1.6666666666666667,8.16041519000659
300,300,0.1,100,2.0,296,0.5,50,23.45344744076005,5.545455842949309,21.19689872342533,105.41892155781902,0.6889,9.621394564847773,-349.4815605428228,1.3333333333333335,9.621394564847789
300,300,0.1,100,2.0,297,0.5,50,22.4421809811516,4.173254784948838,19.99069307259971,105.42170090508264,0.6889,10.923572493291994,-369.74802045141087,1.0,10.923572493292022
300,300,0.1,100,2.0,298,0.5,50,21.60876030822593,2.7915930357207515,18.77549007698451,105.42408464829556,0.691,13.111674111924232,-387.87659793775015,0.6666666666666667,13.111674111924232
300,300,0.1,100,2.0,299,0.5,50,20.67497173707634,1.4004986570532765,17.55131060092303,105.42611744472292,0.701,15.108417926161714,-409.9214585897727,0.33333333333333337,15.108417926161714
50,50,0.1,100,2.0,42,0.3,50,10.453142444090526,9.790695136876398,10.44923423294425,10.44923423294425,0.5889,0.0373879067197244,0.0373879067197244,16.0,0.037387906719724404
50,50,0.1,100,2.0,43,0.3,50,9.828911129277156,9.036951699608712,9.825295614640948,9.825295614640948,0.5889,0.0367844880135084,0.0367844880135084,14.000000000000002,0.03678448801350843
50,50,0.1,100,2.0,44,0.3,50,9.104831249963247,8.164097566996837,9.0968996580589,9.0968996580589,0.5889,0.0871141011469135,0.0871141011469135,12.0,0.08711410114689405
50,50,0.1,100,2.0,45,0.3,50,8.253502223028997,7.163758178540423,8.25574895974844,7.697036651957234,0.5889,-0.0272216164572349,6.742175091673304,10.0,0.027221616457234907
50,50,0.1,100,2.0,46,0.3,50,7.287165427886556,6.028156717933385,7.294021658078298,6.655022148090032,0.5889,-0.0940863804944599,8.674748584373233,8.0,0.09408638049445994
50,50,0.1,100,2.0,47,0.3,50,6.201990375820713,4.750153086922801,6.204432736246201,5.480537255399181,0.5889,-0.0393802679057649,11.632606255472648,6.0,0.039380267905764946
50,50,0.1,100,2.0,48,0.3,50,4.989378470189204,3.323257052911721,4.980271112297995,4.16738377857947,0.5889,0.1825349178384527,16.47489154252439,4.0,0.1825349178384527
50,50,0.1,100,2.0,49,0.3,50,3.746254888870008,1.7416187057403754,3.615414173139417,2.709986060871696,0.611,3.4925737733253146,27.66146081189058,2.0,3.4925737733253026
100,100,0.1,100,2.0,85,0.3,50,20.31370741290996,18.856334257936467,20.299574223806303,20.299574223806303,0.5889,0.0695746414791541,0.0695746414791541,15.0,0.06957464147915414
100,100,0.1,100,2.0,86,0.3,50,19.66358250275842,18.073903399217425,19.650591229281897,19.650591229281897,0.5889,0.0660676836212338,0.0660676836212338,14.000000000000002,0.06606768362123387
100,100,0.1,100,2.0,87,0.3,50,18.953758420265416,17.231900491221467,18.94936729810141,18.94936729810141,0.5889,0.0231675537201643,0.0231675537201643,13.0,0.02316755372016437
100,100,0.1,100,2.0,88,0.3,50,18.197268578801708,16.328195133993674,18.1937993161178,18.1937993161178,0.5889,0.0190647440789485,0.0190647440789485,12.0,0.019064744078948526
100,100,0.1,100,2.0,89,0.3,50,17.39269354506127,15.36072835936097,17.38183900532186,17.38183900532186,0.5889,0.0624086183734954,0.0624086183734954,11.0,0.062408618373495435
100,100,0.1,100,2.0,90,0.3,50,16.527841446768424,14.327516357080846,16.51149791949688,16.45838648656014,0.5889,0.0988848260928845,0.4202300731887954,10.0,0.09888482609288453
100,100,0.1,100,2.0,91,0.3,50,15.587842393160209,13.226653319773504,15.580851660270651,15.558236637371568,0.5889,0.0448473413653629,0.1899285035216379,9.0,0.044847341365374334
100,100,0.1,100,2.0,92,0.3,50,14.58510784044588,12.05631343586677,14.588043316156597,14.60161430492401,0.5889,-0.0201265272964076,-0.1131734139966818,8.0,0.020126527296395514
100,100,0.1,100,2.0,93,0.3,50,13.516514692633391,10.81475206943356,13.531286137846966,13.587204431220648,0.5889,-0.1092844239027304,-0.5229879165949607,7.000000000000001,0.10928442390274361
100,100,0.1,100,2.0,94,0.3,50,12.416459474325883,9.5003061738456,12.4088654724924,12.51377470378231,0.5889,0.0611607668771131,-0.7837598927266576,6.0,0.06116076687711319
100,100,0.1,100,2.0,95,0.3,50,11.224655259981756,8.11139399262742,11.219139987911175,11.380176223241278,0.5889,0.0491353359442879,-1.3855299753747083,5.0,0.049135335944287956
100,100,0.1,100,2.0,96,0.3,50,10.00171801640029,6.646514105823442,9.96054222459599,10.185343601782712,0.59,0.4116871895086577,-1.8359404362462843,4.0,0.41168718950865774
100,100,0.1,100,2.0,97,0.3,50,8.736594877852333,5.104243883668225,8.631578519035969,8.928294540204355,0.601,1.2020284823162104,-2.19421485180673,3.0,1.2020284823162104
100,100,0.1,100,2.0,98,0.3,50,7.478363153323728,3.4832374114807507,7.230828346278834,7.6081289337722,0.611,3.310013193660944,-1.7352163540065328,2.0,3.3100131936609434
100,100,0.1,100,2.0,99,0.3,50,6.270194764599344,1.7822229506025948,5.756943132882867,6.224027558432972,0.6889,8.185577178785975,0.7362962060927564,1.0,8.185577178785975
200,200,0.1,100,2.0,170,0.3,50,40.60204818056037,37.71266851587293,40.599148447612606,40.599148447612606,0.5889,0.0071418390886889,0.0071418390886889,15.0,0.007141839088671435
200,200,0.1,100,2.0,171,0.3,50,39.95486565575728,36.94485902944282,39.96295881886583,39.96295881886583,0.5889,-0.020255763536478,-0.020255763536478,14.499999999999998,0.020255763536478073
200,200,0.1,100,2.0,172,0.3,50,39.28243977838876,36.14780679843485,39.301182458563794,39.301182458563794,0.5889,-0.0477126173444599,-0.0477126173444599,14.000000000000002,0.047712617344459966
200,200,0.1,100,2.0,173,0.3,50,38.63657491652115,35.320966451546106,38.61328409356207,38.61328409356207,0.5889,0.0602818003650838,0.0602818003650838,13.5,0.0602818003650655
200,200,0.1,100,2.0,174,0.3,50,37.87282862139154,34.46380098244293,37.89873459620282,37.89873459620282,0.5889,-0.0684025348892162,-0.0684025348892162,13.0,0.06840253488921626
200,200,0.1,100,2.0,175,0.3,50,37.189885997731736,33.57578205296028,37.15701135679547,37.15701135679547,0.5889,0.0883967241477125,0.0883967241477125,12.5,0.08839672414771252
200,200,0.1,100,2.0,176,0.3,50,36.39586592617434,32.65639026798735,36.3875986322356,36.3875986322356,0.5889,0.0227149257981824,0.0227149257981824,12.0,0.022714925798182493
200,200,0.1,100,2.0,177,0.3,50,35.58022294669952,31.70511542217752,35.5899878704735,35.5899878704735,0.5889,-0.0274448077197463,-0.0274448077197463,11.5,0.027444807719746347
200,200,0.1,100,2.0,178,0.3,50,34.743983226178734,30.72145671872194,34.76367801064372,34.76367801064372,0.5889,-0.0566854535266666,-0.0566854535266666,11.0,0.05668545352666665
200,200,0.1,100,2.0,179,0.3,50,33.91054311655055,29.70492296051924,33.90817575876256,33.90817575876256,0.5889,0.0069811851135866,0.0069811851135866,10.5,0.006981185113586686
200,200,0.1,100,2.0,180,0.3,50,33.03805860425077,28.65503271416169,33.02299583899376,42.79269335697264,0.5889,0.0455921621710412,-29.52544781631573,10.0,0.04559216217104127
200,200,0.1,100,2.0,181,0.3,50,32.13193116824216,27.57131444724046,32.107661220569994,42.449226830776354,0.5889,0.0755321787074977,-32.10916769525316,9.5,0.07553217870749775
200,200,0.1,100,2.0,182,0.3,50,31.179996908502865,26.45330663954701,31.161703320541307,42.10048723795028,0.5889,0.0586709101198459,-35.024026338082685,9.0,0.0586709101198459
200,200,0.1,100,2.0,183,0.3,50,30.15118516927149,25.300557868818075,30.184662182601045,41.7467356055626,0.5889,-0.1110305055725545,-38.45802535188134,8.5,0.11103050557254274
200,200,0.1,100,2.0,184,0.3,50,29.181664358591448,24.11262687173354,29.1760866323132,41.38824765911544,0.5889,0.019113804509961,-41.829633671769045,8.0,0.019113804509936695
200,200,0.1,100,2.0,185,0.3,50,28.11977471767168,22.889082580932765,28.135534409135303,41.02531365121327,0.5889,-0.0560448709915071,-45.89488736348655,7.5,0.05604487099150719
200,200,0.1,100,2.0,186,0.3,50,27.03770126936769,21.62950413886712,27.06257227569393,40.65823816359742,0.5889,-0.0919863936599302,-50.37609062446844,7.000000000000001,0.09198639365994335
200,200,0.1,100,2.0,187,0.3,50,25.95947461156681,20.33348088934808,25.95677610482995,40.28733988271023,0.5889,0.0103950745430741,-55.19320204099709,6.5,0.010395074543074164
200,200,0.1,100,2.0,188,0.3,50,24.815877518373085,19.0006123476912,24.8177309449848,39.912951348957634,0.5889,-0.0074687127640154,-60.83634890366877,6.0,0.007468712764001122
200,200,0.1,100,2.0,189,0.3,50,23.63447418788528,17.630508150386433,23.64503106454676,39.53541867984448,0.5889,-0.0446672795745399,-67.27860482764541,5.5,0.044667279574554984
200,200,0.1,100,2.0,190,0.3,50,22.432089659346914,16.22278798525484,22.43827997582236,39.1551012671589,0.5889,-0.0275958083684834,-74.54950413344083,5.0,0.027595808368515152
200,200,0.1,100,2.0,191,0.3,50,21.228506056204512,14.777081503070889,21.19709043933553,38.77237144838172,0.5889,0.1479878837719955,-82.64295822667943,4.5,0.14798788377197883
200,200,0.1,100,2.0,192,0.3,50,20.00160682665385,13.293028211646885,19.92108444919198,38.387614152496745,0.59,0.4025795435323165,-91.92265144089306,4.0,0.4025795435322988
200,200,0.1,100,2.0,193,0.3,50,18.742620828509704,11.770277353388678,18.60989320027596,38.00122652037491,0.591,0.7081593841553224,-102.753002731457,3.5000000000000004,0.7081593841553414
200,200,0.1,100,2.0,194,0.3,50,17.47372038112196,10.20848776733645,17.263157038071938,37.613617499901856,0.601,1.205028685691391,-115.25820878156196,3.0,1.205028685691391
200,200,0.1,100,2.0,195,0.3,50,16.2236502852698,8.6073277367082,15.880525391923271,37.22520741601537,0.611,2.11496726885237,-129.45025787330889,2.5,2.1149672688523706
200,200,0.1,100,2.0,196,0.3,50,14.98027287380602,6.966474822961501,14.461656692557668,36.836427515813256,0.611,3.4619942214483093,-145.89957623685305,2.0,3.4619942214483093
200,200,0.1,100,2.0,197,0.3,50,13.729644333469532,5.285615687382901,13.006218274720482,36.447719488889,0.611,5.269080838354385,-165.4673245980475,1.5,5.269080838354372
200,200,0.1,100,2.0,198,0.3,50,12.53295352399493,3.5644459012051897,11.513886265765734,36.05953496304786,0.6889,8.131102188148578,-187.717774537424,1.0,8.131102188148578
200,200,0.1,100,2.0,199,0.3,50,11.345788739284984,1.8026697452403653,9.984345461059291,35.67233497555182,0.6889,11.999547228582465,-214.41035784524848,0.5,11.999547228582465
300,300,0.1,100,2.0,255,0.3,50,60.93843064139953,56.56900277380942,60.89872267141892,60.89872267141892,0.5889,0.0651608017513138,0.0651608017513138,15.0,0.06516080175131382
300,300,0.1,100,2.0,256,0.3,50,60.29120217099383,55.80602632814279,60.26675759374354,60.26675759374354,0.5889,0.0405441861665946,0.0405441861665946,14.666666666666666,0.04054418616659467
300,300,0.1,100,2.0,257,0.3,50,59.59138078723021,55.0236768701994,59.61785433657603,59.61785433657603,0.5889,-0.0444251316148328,-0.0444251316148328,14.333333333333334,0.044425131614832865
300,300,0.1,100,2.0,258,0.3,50,58.91377173116789,54.2217101976523,58.95177368784572,58.95177368784572,0.5889,-0.0645043689465901,-0.0645043689465901,14.000000000000002,0.06450436894660222
300,300,0.1,100,2.0,259,0.3,50,58.29433279903605,53.39988452290288,58.26827817955417,58.26827817955417,0.5889,0.0446949441409622,0.0446949441409622,13.666666666666666,0.044694944140962284
300,300,0.1,100,2.0,260,0.3,50,57.56340468984966,52.55796053763999,57.56713216523221,57.56713216523221,0.5889,-0.0064754254940803,-0.0064754254940803,13.333333333333334,0.006475425494080302
300,300,0.1,100,2.0,261,0.3,50,56.84700017550832,51.69570147366439,56.84810189430426,56.84810189430426,0.5889,-0.0019380420999216,-0.0019380420999216,13.0,0.0019380420999091685
300,300,0.1,100,2.0,262,0.3,50,56.11631630265215,50.812873159979205,56.11095558332412,56.11095558332412,0.5889,0.0095528710386339,0.0095528710386339,12.666666666666668,0.009552871038646629
300,300,0.1,100,2.0,263,0.3,50,55.35411955186956,49.90924407615471,55.35546348405276,55.35546348405276,0.5889,-0.0024278810576049,-0.0024278810576049,12.333333333333334,0.0024278810576049393
300,300,0.1,100,2.0,264,0.3,50,54.60047706524088,48.98458540198105,54.58139794835343,54.58139794835343,0.5889,0.0349431322086246,0.0349431322086246,12.0,0.034943132208637664
300,300,0.1,100,2.0,265,0.3,50,53.80886619876011,48.03867106342814,53.78853348988709,53.78853348988709,0.5889,0.0377869119150647,0.0377869119150647,11.666666666666666,0.03778691191506473
300,300,0.1,100,2.0,266,0.3,50,52.967013543654446,47.07127777493841,52.9766468425957,52.9766468425957,0.5889,-0.018187355292957,-0.018187355292957,11.333333333333332,0.018187355292957
300,300,0.1,100,2.0,267,0.3,50,52.13910135353345,46.08218507808293,52.14551701596567,52.14551701596567,0.5889,-0.0123048964513525,-0.0123048964513525,11.0,0.012304896451366142
300,300,0.1,100,2.0,268,0.3,50,51.25606062693293,45.07117537661651,51.294925347071896,51.294925347071896,0.5889,-0.0758246335430342,-0.0758246335430342,10.666666666666668,0.07582463354303426
300,300,0.1,100,2.0,269,0.3,50,50.44192978073127,44.03803396797247,50.42465554940495,50.42465554940495,0.5889,0.0342457780687789,0.0342457780687789,10.333333333333334,0.03424577806877897
300,300,0.1,100,2.0,270,0.3,50,49.48113121101287,42.98254907124257,49.53449375849064,77.74957496521658,0.5889,-0.1078442351089402,-57.12974433355736,10.0,0.10784423510894021
300,300,0.1,100,2.0,271,0.3,50,48.61191690965877,41.90451185169191,48.62422857431714,77.75962219791734,0.5889,-0.0253264331897255,-59.9599998132704,9.666666666666666,0.02532643318972557
300,300,0.1,100,2.0,272,0.3,50,47.677410821881885,40.80371644186189,47.69365110058585,77.769474981685,0.5889,-0.0340628369368467,-63.11597807234981,9.333333333333334,0.03406283693684676
300,300,0.1,100,2.0,273,0.3,50,46.686161571127634,39.67995995932054,46.74255498081202,77.77910791848657,0.5889,-0.1207925599076408,-66.59992019259924,9.0,0.12079255990764082
300,300,0.1,100,2.0,274,0.3,50,45.77481291498309,38.53304252112015,45.77073643130008,77.78849731842045,0.5889,0.0089055168627038,-69.93733532651662,8.666666666666668,0.008905516862688291
300,300,0.1,100,2.0,275,0.3,50,44.79652283426208,37.36276725502846,44.77799427102734,77.79762133298836,0.5889,0.0413616103716143,-73.66888412483165,8.333333333333332,0.04136161037161433
300,300,0.1,100,2.0,276,0.3,50,43.73963803052011,36.16894030760031,43.76412994846984,77.80646007373726,0.5889,-0.055994788828938,-77.88546859817727,8.0,0.055994788828921775
300,300,0.1,100,2.0,277,0.3,50,42.71309388788073,34.95137084916212,42.72894756541143,77.81499571482756,0.5889,-0.0371166686550845,-82.18065850974688,7.666666666666666,0.037116668655084596
300,300,0.1,100,2.0,278,0.3,50,41.6255449276047,33.70987107578176,41.67225389777755,77.82321257822129,0.5889,-0.1122122731464237,-86.9602252981233,7.333333333333333,0.11221227314642379
300,300,0.1,100,2.0,279,0.3,50,40.55834732888344,32.444256208300686,40.593858413540886,77.83109720034753,0.5889,-0.087555551436785,-91.89908447014182,7.000000000000001,0.08755555143676748
300,300,0.1,100,2.0,280,0.3,50,39.48340721536831,31.15434448850722,39.49357328774805,77.83863837929202,0.5889,-0.0257477079530827,-97.14265781245578,6.666666666666667,0.025747707953082743
300,300,0.1,100,2.0,281,0.3,50,38.36933421512748,29.839957172530177,38.37121341471925,77.8458272017705,0.5889,-0.0048976601502473,-102.88553031780008,6.333333333333334,0.004897660150247349
300,300,0.1,100,2.0,282,0.3,50,37.22570507752413,28.50091852153685,37.22659641747728,77.85265704938132,0.5889,-0.0023944206061191,-109.13682329790616,6.0,0.0023944206061191587
300,300,0.1,100,2.0,283,0.3,50,36.046779565126606,27.13705578981744,36.05954265446184,77.85912358388757,0.5889,-0.035407016907491,-115.99467282012688,5.666666666666666,0.035407016907510754
300,300,0.1,100,2.0,284,0.3,50,34.9013975227607,25.748199210343174,34.86987522359158,77.86522471155047,0.5889,0.0903181574564992,-123.10059263607197,5.333333333333334,0.09031815745649927
300,300,0.1,100,2.0,285,0.3,50,33.65046406532409,24.33418197788228,33.65741996373356,77.87096052681963,0.5889,-0.0206710326370818,-131.41125297901493,5.0,0.02067103263708184
300,300,0.1,100,2.0,286,0.3,50,32.45391880862534,22.89484022976304,32.422005453647074,77.87633323597689,0.5889,0.0983343650005779,-139.95972164470797,4.666666666666667,0.09833436500057798
300,300,0.1,100,2.0,287,0.3,50,31.22586381246892,21.430013024371192,31.16346300846581,77.88134706162545,0.5889,0.199836918452795,-149.41294668212305,4.333333333333334,0.19983691845280632
300,300,0.1,100,2.0,288,0.3,50,30.01422260586705,19.939542317470327,29.88162667378793,77.88600812920667,0.591,0.4417769995921768,-159.49700297745463,4.0,0.44177699959218875
300,300,0.1,100,2.0,289,0.3,50,28.75731203434024,18.42327293643445,28.57633321744197,77.89032433700945,0.591,0.6293314781372955,-170.8539805250141,3.6666666666666665,0.6293314781373077
300,300,0.1,100,2.0,290,0.3,50,27.50965344271156,16.881052552482842,27.24742211899965,77.89430521140416,0.5989,0.9532338321091468,-183.1526226734113,3.3333333333333335,0.9532338321091594
300,300,0.1,100,2.0,291,0.3,50,26.22450421559488,15.312731651004668,25.89473555710792,77.8979617492777,0.601,1.2574829090223651,-197.0426480091633,3.0,1.2574829090223787
300,300,0.1,100,2.0,292,0.3,50,24.995437100077947,13.718163500064776,24.518118394711337,77.9013062498633,0.61,1.9096233582773448,-211.66210831984355,2.666666666666667,1.9096233582773452
300,300,0.1,100,2.0,293,0.3,50,23.71770440030631,12.097204117178135,23.117418162240355,77.90435213834024,0.611,2.530962642650199,-228.46497630409007,2.3333333333333335,2.530962642650199
300,300,0.1,100,2.0,294,0.3,50,22.4565319422688,10.449712234442272,21.692485038836463,77.90711378372106,0.611,3.402337036709588,-246.92406638747468,2.0,3.402337036709619
300,300,0.1,100,2.0,295,0.3,50,21.20703724981642,8.775549262115078,20.24317183169329,77.90960631363923,0.611,4.54502628900449,-267.3761940240552,1.6666666666666667,4.54502628900449
300,300,0.1,100,2.0,296,0.3,50,20.00345886589141,7.074579250726202,18.769333953583043,77.91184542869728,0.611,6.169557577928266,-289.4918671367753,1.3333333333333335,6.169557577928266
300,300,0.1,100,2.0,297,0.3,50,18.78794411374605,5.346668851807749,17.270829398648686,77.91384721902868,0.6889,8.07493734233209,-314.7012932725493,1.0,8.07493734233209
300,300,0.1,100,2.0,298,0.3,50,17.587809829373466,3.5916872773302657,15.747518716532738,77.91562798566605,0.6889,10.463446732106748,-343.0092702932168,0.6666666666666667,10.463446732106748
300,300,0.1,100,2.0,299,0.3,50,16.416104100077245,1.8095062579283765,14.199264984921143,77.91720406919109,0.6989,13.504051275757142,-374.6388277887714,0.33333333333333337,13.504051275757142
50,50,0.1,50,0.2,42,0.5,250,4.721035967560202,4.618878653428794,4.717451913661005,,0.6089,,,16.0,0.07591668277522891
50,50,0.1,50,0.2,43,0.5,250,4.5860390594894165,4.435139281848722,4.58512736443522,,0.5889,,,14.000000000000002,0.01987979261341597
50,50,0.1,50,0.2,44,0.5,250,4.38996009798741,4.172044636218874,4.390230825150101,,0.5889,,,12.0,0.006166961809413762
50,50,0.1,50,0.2,45,0.5,250,4.112927058318424,3.810715961852938,4.115278070967364,,0.5889,,,10.0,0.057161544943657924
50,50,0.1,50,0.2,46,0.5,250,3.74161846891035,3.3330622109579764,3.742431680110329,,0.5889,,,8.0,0.02173420958699775
50,50,0.1,50,0.2,47,0.5,250,3.2548320823779755,2.7232430833515444,3.254833032169678,,0.5889,,,6.0,2.9180973966752255e-05
50,50,0.1,50,0.2,48,0.5,250,2.6368831294492225,1.968935810566972,2.637921622118453,,0.5889,,,4.0,0.0393833407947637
50,50,0.1,50,0.2,49,0.5,250,1.913310932923984,1.062223589428836,1.8805486382025407,,0.6089,,,2.0,1.7123351023440192
50,50,0.1,50,0.2,50,0.5,250,1.184835634522699,-3.552713678800501e-15,0.9757329970953172,,0.711,,,0.0,17.648240087885007
100,100,0.1,50,0.2,85,0.5,250,9.314537123523545,9.07151628587054,9.316131283785264,,0.5889,,,15.0,0.017114755575919353
100,100,0.1,50,0.2,86,0.5,250,9.172563822297748,8.870278563697443,9.17025472887044,,0.5889,,,14.000000000000002,0.025173915080271
100,100,0.1,50,0.2,87,0.5,250,8.995090207137823,8.629384457134446,8.993140540464989,,0.5889,,,13.0,0.02167478733328232
100,100,0.1,50,0.2,88,0.5,250,8.778408619893012,8.344089272437747,8.780461650300202,,0.5889,,,12.0,0.023387273207324897
100,100,0.1,50,0.2,89,0.5,250,8.524853371955123,8.009652566463917,8.527766422698942,,0.5889,,,11.0,0.034171270949980244
100,100,0.1,50,0.2,90,0.5,250,8.226057779668064,7.621431923705877,8.230556141934727,,0.5889,,,10.0,0.05468430185089579
100,100,0.1,50,0.2,91,0.5,250,7.8750464582355875,7.174977613772896,7.884368405391598,,0.5889,,,9.0,0.11837323380183608
100,100,0.1,50,0.2,92,0.5,250,7.483292872292769,6.666124421915953,7.484863360220658,,0.5889,,,8.0,0.020986589121791414
100,100,0.1,50,0.2,93,0.5,250,7.02912266987707,6.091077091722124,7.027909540036664,,0.5889,,,7.000000000000001,0.017258623833747877
100,100,0.1,50,0.2,94,0.5,250,6.50942369089887,5.446486166703089,6.509666064339356,,0.5889,,,6.0,0.0037234239465082485
100,100,0.1,50,0.2,95,0.5,250,5.924010339106053,4.729511534463338,5.9266581511751255,,0.5889,,,5.0,0.0446962769729484
100,100,0.1,50,0.2,96,0.5,250,5.270062544328223,3.937871621133944,5.275843244236906,,0.5889,,,4.0,0.10968939856140629
100,100,0.1,50,0.2,97,0.5,250,4.571212611227632,3.069876906242527,4.554665539501389,,0.5899,,,3.0,0.36198429461803083
100,100,0.1,50,0.2,98,0.5,250,3.835906866997468,2.124447178857672,3.7610972764050814,,0.611,,,2.0,1.9502452271721447
100,100,0.1,50,0.2,99,0.5,250,3.0825031044391245,1.101112686805621,2.8936657932360106,,0.6889,,,1.0,6.1261028717592705
100,100,0.1,50,0.2,100,0.5,250,2.367821180027224,-7.105427357601002e-15,1.9514659941906345,,0.711,,,0.0,17.583894820630096
200,200,0.1,50,0.2,170,0.5,250,18.634770573681458,18.14303257174108,18.63226256757053,,0.5889,,,15.0,0.013458744238426084
200,200,0.1,50,0.2,171,0.5,250,18.48314203001624,17.951120500627873,18.493668174697177,,0.5889,,,14.499999999999998,0.056949974543525614
200,200,0.1,50,0.2,172,0.5,250,18.329457983482104,17.740557127394887,18.34050945774088,,0.5889,,,14.000000000000002,0.0602935136910968
200,200,0.1,50,0.2,173,0.5,250,18.17666863133393,17.510168249555516,18.171738011798897,,0.5889,,,13.5,0.027126090237082748
200,200,0.1,50,0.2,174,0.5,250,17.980959021014915,17.25876891426889,17.986281080929977,,0.5889,,,13.0,0.029598309572046063
200,200,0.1,50,0.2,175,0.5,250,17.78319235621781,16.98516892490379,17.783045725858184,,0.5889,,,12.5,0.0008245446413080585
200,200,0.1,50,0.2,176,0.5,250,17.56685717203706,16.688178544875495,17.560923300600404,,0.5889,,,12.0,0.03377878796727706
200,200,0.1,50,0.2,177,0.5,250,17.318757160178386,16.366614344328077,17.31879420116741,,0.5889,,,11.5,0.00021387787057625154
200,200,0.1,50,0.2,178,0.5,250,17.052235837502213,16.019305132927833,17.055532845397885,,0.5889,,,11.0,0.019334754263840258
200,200,0.1,50,0.2,179,0.5,250,16.767311527842224,15.645097920591482,16.770012839481108,,0.5889,,,10.5,0.016110582989992805
200,200,0.1,50,0.2,180,0.5,250,16.453369134683008,15.242863847411757,16.461112283869454,,0.5889,,,10.0,0.047061177094262635
200,200,0.1,50,0.2,181,0.5,250,16.124775285781364,14.811504024362684,16.12771916912142,,0.5889,,,9.5,0.018256895292372514
200,200,0.1,50,0.2,182,0.5,250,15.773083921057642,14.349955227545792,15.768736810783196,,0.5889,,,9.0,0.02756030650824734
200,200,0.1,50,0.2,183,0.5,250,15.376842736289396,13.857195390744472,15.383089271729284,,0.5889,,,8.5,0.040623004000340086
200,200,0.1,50,0.2,184,0.5,250,14.974890930741038,13.332248843831906,14.969726720441315,,0.5889,,,8.0,0.03448579574707851
200,200,0.1,50,0.2,185,0.5,250,14.521090255365005,12.774191248068108,14.52763067450052,,0.5889,,,7.5,0.045040826966133
200,200,0.1,50,0.2,186,0.5,250,14.050042172522854,12.182154183444249,14.055819080073327,,0.5889,,,7.000000000000001,0.04111665630278806
200,200,0.1,50,0.2,187,0.5,250,13.564933937558932,11.55532934790478,13.553351180348171,,0.5889,,,6.5,0.08538749443290607
200,200,0.1,50,0.2,188,0.5,250,13.013079616052174,10.892972333406178,13.019332128678712,,0.5889,,,6.0,0.04804790880419837
200,200,0.1,50,0.2,189,0.5,250,12.444219732993991,10.194405949256565,12.452917305551594,,0.5889,,,5.5,0.069892470112389
200,200,0.1,50,0.2,190,0.5,250,11.848458350455571,9.459023068926676,11.853316302350253,,0.5889,,,5.0,0.04100070870819111
200,200,0.1,50,0.2,191,0.5,250,11.211771438529546,8.686288982421956,11.219796539160122,,0.5889,,,4.5,0.0715774547721991
200,200,0.1,50,0.2,192,0.5,250,10.54724340499778,7.875743242267887,10.551686488473813,,0.5889,,,4.0,0.04212554224289592
200,200,0.1,50,0.2,193,0.5,250,9.858686899529117,7.027000997079867,9.84837848152263,,0.5889,,,3.5000000000000004,0.10456177492541004
200,200,0.1,50,0.2,194,0.5,250,9.146940422850454,6.139753812485054,9.10933107900278,,0.5909,,,3.0,0.4111685668545494
200,200,0.1,50,0.2,195,0.5,250,8.401515232559172,5.213769984744005,8.334070993094514,,0.5989,,,2.5,0.8027628064433545
200,200,0.1,50,0.2,196,0.5,250,7.662859908805783,4.248894357715344,7.522194552810163,,0.61,,,2.0,1.8356769883522754
200,200,0.1,50,0.2,197,0.5,250,6.901559612054413,3.245047658747424,6.673368709775275,,0.611,,,1.5,3.3063671851877516
200,200,0.1,50,0.2,198,0.5,250,6.162849266879793,2.202225373611242,5.787331586472021,,0.611,,,1.0,6.093247849267846
200,200,0.1,50,0.2,199,0.5,250,5.433964481235405,1.1204961846624144,4.86389257369045,,0.6889,,,0.5,10.490902351561747
200,200,0.1,50,0.2,200,0.5,250,4.735147979651195,-1.4210854715202004e-14,3.902931988381269,,0.711,,,0.0,17.575290040486333
300,300,0.1,50,0.2,255,0.5,250,27.94448770294005,27.214548857611625,27.94839385135579,,0.5889,,,15.0,0.01397824306983539
300,300,0.1,50,0.2,256,0.5,250,27.81285370610447,27.02565897710707,27.81215035151542,,0.5889,,,14.666666666666666,0.0025288832152271356
300,300,0.1,50,0.2,257,0.5,250,27.66227290460682,26.824594172532034,27.666427133691176,,0.5889,,,14.333333333333334,0.015017670813538789
300,300,0.1,50,0.2,258,0.5,250,27.507692894615435,26.610835691092344,27.510764186611325,,0.5889,,,14.000000000000002,0.011165211156229114
300,300,0.1,50,0.2,259,0.5,250,27.34065417695135,26.38386053929422,27.344693506367104,,0.5889,,,13.666666666666666,0.014774077421889697
300,300,0.1,50,0.2,260,0.5,250,27.17921632696007,26.143142531519167,27.167739864547663,,0.59,,,13.333333333333334,0.04222514098400676
300,300,0.1,50,0.2,261,0.5,250,26.976856718214243,25.888153371403344,26.97942162139497,,0.5889,,,13.0,0.009507791094855195
300,300,0.1,50,0.2,262,0.5,250,26.76096419310672,25.61836376156006,26.7792515812128,,0.5889,,,12.666666666666668,0.06833605835021457
300,300,0.1,50,0.2,263,0.5,250,26.57023944891955,25.3332445369848,26.56673788698558,,0.5889,,,12.333333333333334,0.013178511020576978
300,300,0.1,50,0.2,264,0.5,250,26.3423500711211,25.032267817313247,26.34138495090058,,0.5889,,,12.0,0.0036637589961215555
300,300,0.1,50,0.2,265,0.5,250,26.10461176352064,24.714908172968457,26.10269441722814,,0.5889,,,11.666666666666666,0.007344856571207169
300,300,0.1,50,0.2,266,0.5,250,25.85792820956311,24.38064380012984,25.850166153795296,,0.5889,,,11.333333333333332,0.030018088475249217
300,300,0.1,50,0.2,267,0.5,250,25.57913360413844,24.02895769939176,25.58329926809683,,0.5889,,,11.0,0.01628539896173485
300,300,0.1,50,0.2,268,0.5,250,25.2932379231167,23.65933885294406,25.301593143918097,,0.5889,,,10.666666666666668,0.033033417179704594
300,300,0.1,50,0.2,269,0.5,250,24.99656952662681,23.2712833951107,25.00454849420533,,0.5889,,,10.333333333333334,0.03192025037683938
300,300,0.1,50,0.2,270,0.5,250,24.693626732563057,22.864295771117632,24.69166842580421,,0.5889,,,10.0,0.007930413705757517
300,300,0.1,50,0.2,271,0.5,250,24.35597967479828,22.43788987903009,24.36245951160613,,0.5889,,,9.666666666666666,0.026604706090115993
300,300,0.1,50,0.2,272,0.5,250,24.0122925661541,21.991590189902823,24.016432865583862,,0.5889,,,9.333333333333334,0.01724241622642887
300,300,0.1,50,0.2,273,0.5,250,23.653693530331267,21.52493284131871,23.653105216174787,,0.5889,,,9.0,0.0024871978480927887
300,300,0.1,50,0.2,274,0.5,250,23.258356055686487,21.037466699655774,23.2719999734726,,0.5889,,,8.666666666666668,0.05866243406647065
300,300,0.1,50,0.2,275,0.5,250,22.886621249754324,20.52875438661361,22.87264828572065,,0.5889,,,8.333333333333332,0.061052978861277744
300,300,0.1,50,0.2,276,0.5,250,22.45081141081008,19.99837326574786,22.454590080661987,,0.5889,,,8.0,0.016830883226288857
300,300,0.1,50,0.2,277,0.5,250,22.02793981949216,19.44591638500528,22.017375087388785,,0.5889,,,7.666666666666666,0.04796059999232048
300,300,0.1,50,0.2,278,0.5,250,21.551027901911247,18.870993371513507,21.56056383444913,,0.5889,,,7.333333333333333,0.04424815642801564
300,300,0.1,50,0.2,279,0.5,250,21.07481153589981,18.27323127516638,21.08372862011005,,0.5889,,,7.000000000000001,0.04231157272772213
300,300,0.1,50,0.2,280,0.5,250,20.59240363208866,17.652275357845554,20.58645445083956,,0.5889,,,6.666666666666667,0.02889017404374255
300,300,0.1,50,0.2,281,0.5,250,20.051807242745586,17.007789825434315,20.06833994425851,,0.5889,,,6.333333333333334,0.08244993238156625
300,300,0.1,50,0.2,282,0.5,250,19.508249941445328,16.33945850010926,19.52899819301807,,0.5889,,,6.0,0.10635629354256383
300,300,0.1,50,0.2,283,0.5,250,18.974580849038563,15.646985430730725,18.968057586288765,,0.5889,,,5.666666666666666,0.0343789557287056
300,300,0.1,50,0.2,284,0.5,250,18.363019991190505,14.930095439499055,18.38516258578712,,0.5889,,,5.333333333333334,0.12058253276007302
300,300,0.1,50,0.2,285,0.5,250,17.759334690621717,14.18853460339001,17.77997445352537,,0.5889,,,5.0,0.11621923491622518
300,300,0.1,50,0.2,286,0.5,250,17.137610843612276,13.422070669233648,17.152171928741325,,0.5889,,,4.666666666666667,0.08496566564572541
300,300,0.1,50,0.2,287,0.5,250,16.495955127813968,12.630493401650426,16.50145185174506,,0.5889,,,4.333333333333334,0.03332164696437513
300,300,0.1,50,0.2,288,0.5,250,15.831791329483,11.813614863401838,15.827529732710715,,0.5889,,,4.0,0.026917969568916206
300,300,0.1,50,0.2,289,0.5,250,15.139204706116608,10.971269628055538,15.130140263736235,,0.5889,,,3.6666666666666665,0.059873966673496946
300,300,0.1,50,0.2,290,0.5,250,14.437705007548663,10.103314925195022,14.409037772795044,,0.5889,,,3.3333333333333335,0.19855811390128258
300,300,0.1,50,0.2,291,0.5,250,13.70654484079374,9.20963071872758,13.663996618504155,,0.5889,,,3.0,0.3104226687600444
300,300,0.1,50,0.2,292,0.5,250,12.986535866455544,8.290119719153452,12.894811524936188,,0.5989,,,2.666666666666667,0.7063033780723748
300,300,0.1,50,0.2,293,0.5,250,12.24285986799609,7.344707330958712,12.101297856000455,,0.601,,,2.3333333333333335,1.1562822210004269
300,300,0.1,50,0.2,294,0.5,250,11.491552428921572,6.373341536573051,11.283291829215289,,0.6099,,,2.0,1.8122929951756583
300,300,0.1,50,0.2,295,0.5,250,10.738817567038645,5.375992718602788,10.440650668980169,,0.611,,,1.6666666666666667,2.776533786863639
300,300,0.1,50,0.2,296,0.5,250,9.988594558143468,4.352653422294566,9.573252699740737,,0.611,,,1.3333333333333335,4.158161150550587
300,300,0.1,50,0.2,297,0.5,250,9.252733406646366,3.303338060416877,8.680997379707975,,0.6889,,,1.0,6.179104074561413
300,300,0.1,50,0.2,298,0.5,250,8.508556787651075,2.2280825629538583,7.76380527605663,,0.6889,,,0.6666666666666667,8.75297104058051
300,300,0.1,50,0.2,299,0.5,250,7.80017243437013,1.126943974198781,6.821617982774583,,0.691,,,0.33333333333333337,12.545292553837829
300,300,0.1,50,0.2,300,0.5,250,7.104691053310559,0.0,5.854397982571925,,0.711,,,0.0,17.598134265895176
50,50,0.1,50,0.2,42,0.3,250,3.1657954296262862,3.161539914643063,3.165926507754202,,0.5889,,,16.0,0.004140448453779882
50,50,0.1,50,0.2,43,0.3,250,3.1540728756115,3.1413240778663307,3.153246009062264,,0.611,,,14.000000000000002,0.026215835265873698
50,50,0.1,50,0.2,44,0.3,250,3.1199287450856152,3.0926416611241865,3.1211423897636856,,0.5889,,,12.0,0.038899756283923954
50,50,0.1,50,0.2,45,0.3,250,3.048153021638208,2.98862099777959,3.0491921386851253,,0.5889,,,10.0,0.03409005517574173
50,50,0.1,50,0.2,46,0.3,250,2.9043262908237653,2.7893860593249027,2.9050045452970945,,0.5889,,,8.0,0.02335324634398699
50,50,0.1,50,0.2,47,0.3,250,2.644532240025552,2.443896447590534,2.6441058075432142,,0.5889,,,6.0,0.016125062719366173
50,50,0.1,50,0.2,48,0.3,250,2.213946676163044,1.8961327120439453,2.2137606241953964,,0.5889,,,4.0,0.008403633639912403
50,50,0.1,50,0.2,49,0.3,250,1.5627533368225464,1.0943036713426828,1.5605156941163187,,0.5889,,,2.0,0.14318591766870145
50,50,0.1,50,0.2,50,0.3,250,0.7757914007061553,0.0,0.6393215680940401,,0.711,,,0.0,17.591047346992386
100,100,0.1,50,0.2,85,0.3,250,6.321559708872464,6.30757493247192,6.322282016306619,,0.511,,,15.0,0.011426095258429173
100,100,0.1,50,0.2,86,0.3,250,6.302234841077668,6.282648155732661,6.306492018124528,,0.4889,,,14.000000000000002,0.06755027627837218
100,100,0.1,50,0.2,87,0.3,250,6.283077686827475,6.24384609175623,6.281283218772641,,0.611,,,13.0,0.02856033530504349
100,100,0.1,50,0.2,88,0.3,250,6.246590097996063,6.185283322248373,6.242284779527371,,0.611,,,12.0,0.06892269864278486
100,100,0.1,50,0.2,89,0.3,250,6.187035488432401,6.099472600796771,6.183747257667116,,0.61,,,11.0,0.0531471133700859
100,100,0.1,50,0.2,90,0.3,250,6.096764475171118,5.97724199555918,6.098384277370251,,0.5889,,,10.0,0.02656822656885152
100,100,0.1,50,0.2,91,0.3,250,5.97352157478868,5.8077715341027805,5.977296672210819,,0.5889,,,9.0,0.0631971840207729
100,100,0.1,50,0.2,92,0.3,250,5.810999553059978,5.578772118649805,5.810009090594189,,0.5889,,,8.0,0.017044614385961915
100,100,0.1,50,0.2,93,0.3,250,5.5859217435694335,5.276813988490655,5.584639978901279,,0.5889,,,7.000000000000001,0.022946341302217437
100,100,0.1,50,0.2,94,0.3,250,5.287978624050952,4.887792895181068,5.2882116150864285,,0.5889,,,6.0,0.0044060510081614665
100,100,0.1,50,0.2,95,0.3,250,4.90662767241336,4.397502559962934,4.907089351184339,,0.5889,,,5.0,0.009409288859947016
100,100,0.1,50,0.2,96,0.3,250,4.427268601874538,3.7922654240878906,4.427521248390793,,0.5889,,,4.0,0.005706600140490205
100,100,0.1,50,0.2,97,0.3,250,3.837294687255074,3.059563304594512,3.836234013477544,,0.5889,,,3.0,0.027641186408041613
100,100,0.1,50,0.2,98,0.3,250,3.1257255597179707,2.1886073426853656,3.121031388232637,,0.5889,,,2.0,0.15017861919257028
100,100,0.1,50,0.2,99,0.3,250,2.335766037308245,1.17079303490042,2.2713387510478285,,0.611,,,1.0,2.758293648907705
100,100,0.1,50,0.2,100,0.3,250,1.550528602395459,0.0,1.27864313618808,,0.711,,,0.0,17.535017786020518
200,200,0.1,50,0.2,170,0.3,250,12.651493333373018,12.61514986494384,12.644564032613236,,0.7889,,,15.0,0.0547706154300711
200,200,0.1,50,0.2,171,0.3,250,12.633274682233848,12.593072960862433,12.63067911795274,,0.611,,,14.499999999999998,0.0205454590863804
200,200,0.1,50,0.2,172,0.3,250,12.6128820864474,12.565296311465325,12.612984036249056,,0.5889,,,14.000000000000002,0.0008082990149121597
200,200,0.1,50,0.2,173,0.3,250,12.589215415741096,12.530626966628027,12.59061621558455,,0.5889,,,13.5,0.011126982875378178
200,200,0.1,50,0.2,174,0.3,250,12.561072194068917,12.48769218351246,12.562566437545282,,0.5889,,,13.0,0.011895827468223208
200,200,0.1,50,0.2,175,0.3,250,12.53403852431414,12.434927446409604,12.527665111852654,,0.611,,,12.5,0.05084883414967902
200,200,0.1,50,0.2,176,0.3,250,12.488959070948647,12.370566644496746,12.484569559054744,,0.61,,,12.0,0.035147139717302295
200,200,0.1,50,0.2,177,0.3,250,12.42997840198432,12.29263498587838,12.431752818178245,,0.5889,,,11.5,0.014275295873736627
200,200,0.1,50,0.2,178,0.3,250,12.374307672939027,12.198945201593542,12.367494515334233,,0.611,,,11.0,0.05505889933296032
200,200,0.1,50,0.2,179,0.3,250,12.286818612799104,12.087097542114442,12.289874327897502,,0.5889,,,10.5,0.024869864158448322
200,200,0.1,50,0.2,180,0.3,250,12.193137574508295,11.95448399111836,12.1967685547405,,0.5889,,,10.0,0.02977888349095019
200,200,0.1,50,0.2,181,0.3,250,12.089005429688903,11.798297018361584,12.085850254846632,,0.59,,,9.5,0.026099540285780033
200,200,0.1,50,0.2,182,0.3,250,11.95050719359674,11.61554306820556,11.95459334442164,,0.5889,,,9.0,0.03419227953010714
200,200,0.1,50,0.2,183,0.3,250,11.795240279083444,11.403060837061885,11.800280947655596,,0.5889,,,8.5,0.042734768032578495
200,200,0.1,50,0.2,184,0.3,250,11.624435573993752,11.15754423729961,11.620018181188378,,0.589,,,8.0,0.038000922945942726
200,200,0.1,50,0.2,185,0.3,250,11.413063619297947,10.875569783546222,11.410749420991753,,0.5889,,,7.5,0.02027674937587949
200,200,0.1,50,0.2,186,0.3,250,11.169230527084132,10.55362797698131,11.16927995780256,,0.5889,,,7.000000000000001,0.0004425615382259585
200,200,0.1,50,0.2,187,0.3,250,10.896272049823756,10.188158111565947,10.892301799283215,,0.5889,,,6.5,0.03643677876603989
200,200,0.1,50,0.2,188,0.3,250,10.570997141120577,9.775585790362136,10.576423230172855,,0.5889,,,6.0,0.051329964239335515
200,200,0.1,50,0.2,189,0.3,250,10.220103764717283,9.312362326742736,10.2182016024456,,0.5889,,,5.5,0.018611966331010272
200,200,0.1,50,0.2,190,0.3,250,9.81027761630288,8.795005119925868,9.81417870236868,,0.5889,,,5.0,0.03976529735833114
200,200,0.1,50,0.2,191,0.3,250,9.35991299575907,8.220138041109351,9.360917936266397,,0.5889,,,4.5,0.010736643682291365
200,200,0.1,50,0.2,192,0.3,250,8.849876990671866,7.584530848175781,8.855042496781586,,0.5889,,,4.0,0.05836811195414339
200,200,0.1,50,0.2,193,0.3,250,8.291979454162352,6.885136664418717,8.293273620350263,,0.5889,,,3.5000000000000004,0.015607445665600145
200,200,0.1,50,0.2,194,0.3,250,7.672557222589964,6.119126609189024,7.672468026955087,,0.5889,,,3.0,0.0011625281153158412
200,200,0.1,50,0.2,195,0.3,250,6.985260419895564,5.283920753290062,6.98965364596868,,0.5889,,,2.5,0.06289280297414851
200,200,0.1,50,0.2,196,0.3,250,6.258783565451099,4.377214685370731,6.242062776465275,,0.5889,,,2.0,0.26715716897646846
200,200,0.1,50,0.2,197,0.3,250,5.4738682655857165,3.3970011122409005,5.427161904699233,,0.5989,,,1.5,0.8532605941602075
200,200,0.1,50,0.2,198,0.3,250,4.669677629079152,2.34158606980084,4.542677502095657,,0.611,,,1.0,2.7196765402527276
200,200,0.1,50,0.2,199,0.3,250,3.873374266615012,1.2095994854006022,3.586617249521723,,0.6889,,,0.5,7.403287091693557
200,200,0.1,50,0.2,200,0.3,250,3.1012738334244814,0.0,2.55728627237616,,0.711,,,0.0,17.540778088842316
300,300,0.1,50,0.2,255,0.3,250,18.97493647283341,18.92272479741577,18.966846048919862,,0.711,,,15.0,0.042637422924341375
300,300,0.1,50,0.2,256,0.3,250,18.957722062368184,18.90151687224777,18.953538195877822,,0.611,,,14.666666666666666,0.022069457905317894
300,300,0.1,50,0.2,257,0.3,250,18.9250300968981,18.87675410667132,18.937865764768176,,0.411,,,14.333333333333334,0.06782376463527291
300,300,0.1,50,0.2,258,0.3,250,18.92778886816709,18.847944467198,18.9194760543736,,0.6889,,,14.000000000000002,0.04391856783373105
300,300,0.1,50,0.2,259,0.3,250,18.89320354159644,18.814545252355103,18.89797571269978,,0.511,,,13.666666666666666,0.025258665598100808
300,300,0.1,50,0.2,260,0.3,250,18.87843873017374,18.7759604455022,18.872927922661503,,0.611,,,13.333333333333334,0.02919101304404811
300,300,0.1,50,0.2,261,0.3,250,18.838444320431776,18.731538275268704,18.84384965631793,,0.511,,,13.0,0.02869311177828955
300,300,0.1,50,0.2,262,0.3,250,18.80922117464646,18.68056903447136,18.81020903936453,,0.5889,,,12.666666666666668,0.005252023509625482
300,300,0.1,50,0.2,263,0.3,250,18.77353291250129,18.62228320887684,18.77142287005495,,0.591,,,12.333333333333334,0.011239453203495377
300,300,0.1,50,0.2,264,0.3,250,18.732203152307427,18.555849966745136,18.72685433858213,,0.6089,,,12.0,0.028554109101894508
300,300,0.1,50,0.2,265,0.3,250,18.67267685502598,18.48037605866032,18.675810994099265,,0.5889,,,11.666666666666666,0.01678462653008389
300,300,0.1,50,0.2,266,0.3,250,18.61452668574141,18.39490517468945,18.61754300692688,,0.5889,,,11.333333333333332,0.016204125070665296
300,300,0.1,50,0.2,267,0.3,250,18.5649121250232,18.298417802390325,18.55124177300137,,0.611,,,11.0,0.0736354254184905
300,300,0.1,50,0.2,268,0.3,250,18.47109126016679,18.18983162462357,18.47603890622183,,0.5889,,,10.666666666666668,0.026785889286952125
300,300,0.1,50,0.2,269,0.3,250,18.38983005452093,18.068002490550555,18.39100566201104,,0.5889,,,10.333333333333334,0.0063927044818933056
300,300,0.1,50,0.2,270,0.3,250,18.298626308836983,17.93172598667756,18.29515283211077,,0.589,,,10.0,0.018982172036248558
300,300,0.1,50,0.2,271,0.3,250,18.183843639274784,17.77973962742741,18.18743114639242,,0.5889,,,9.666666666666666,0.019729091323067566
300,300,0.1,50,0.2,272,0.3,250,18.075936479622985,17.610725676594566,18.066732212311777,,0.5989,,,9.333333333333334,0.05092000252149727
300,300,0.1,50,0.2,273,0.3,250,17.92867198301923,17.423314602308356,17.931890016632476,,0.5889,,,9.0,0.017949090798780733
300,300,0.1,50,0.2,274,0.3,250,17.78033925670966,17.21608915894099,17.78168300726282,,0.5889,,,8.666666666666668,0.00755750795167864
300,300,0.1,50,0.2,275,0.3,250,17.61665365201689,16.98758907993359,17.614836765600984,,0.5889,,,8.333333333333332,0.010313459365183218
300,300,0.1,50,0.2,276,0.3,250,17.428558126083683,16.736316355949427,17.430027271782542,,0.5889,,,8.0,0.008429530935554746
300,300,0.1,50,0.2,277,0.3,250,17.232700567797767,16.460741063301178,17.22588475681678,,0.5889,,,7.666666666666666,0.03955161266902707
300,300,0.1,50,0.2,278,0.3,250,16.99706742590199,16.159307698422978,17.0009981269327,,0.5889,,,7.333333333333333,0.023125760063299014
300,300,0.1,50,0.2,279,0.3,250,16.758280991957736,15.830441965471977,16.753919936703888,,0.5889,,,7.000000000000001,0.026023285180274455
300,300,0.1,50,0.2,280,0.3,250,16.470698915465213,15.472557956122294,16.483171878848225,,0.5889,,,6.666666666666667,0.07572819737054313
300,300,0.1,50,0.2,281,0.3,250,16.177449798466526,15.084065653439184,16.18725075018674,,0.5889,,,6.333333333333334,0.06058403421004477
300,300,0.1,50,0.2,282,0.3,250,15.874387124790244,14.663378685543222,15.864634845259296,,0.5889,,,6.0,0.061434053826989764
300,300,0.1,50,0.2,283,0.3,250,15.504228658654869,14.208922249732716,15.513790721708176,,0.5889,,,5.666666666666666,0.06167390370606742
300,300,0.1,50,0.2,284,0.3,250,15.131636880660915,13.719141123934564,15.133180274904994,,0.5889,,,5.333333333333334,0.010199783779186213
300,300,0.1,50,0.2,285,0.3,250,14.718246278137368,13.192507679888806,14.721268053553011,,0.5889,,,5.0,0.020530811609884302
300,300,0.1,50,0.2,286,0.3,250,14.268092562097904,12.62752981138982,14.276528743272124,,0.5889,,,4.666666666666667,0.05912620161036977
300,300,0.1,50,0.2,287,0.3,250,13.795924488116096,12.022758691235154,13.797454741567549,,0.5889,,,4.333333333333334,0.011092068913327948
300,300,0.1,50,0.2,288,0.3,250,13.265803291901127,11.376796272263675,13.282563745172396,,0.5889,,,4.0,0.12634329714131562
300,300,0.1,50,0.2,289,0.3,250,12.7297863671208,10.6883024509619,12.730406269594056,,0.5889,,,3.6666666666666665,0.004869700522679041
300,300,0.1,50,0.2,290,0.3,250,12.139632514004244,9.956001816515055,12.13957302080847,,0.5889,,,3.3333333333333335,0.0004900741081381215
300,300,0.1,50,0.2,291,0.3,250,11.504141802159142,9.178689913783543,11.508702040432668,,0.5889,,,3.0,0.03963996925586334
300,300,0.1,50,0.2,292,0.3,250,10.823530762733869,8.35523895538293,10.836485548337834,,0.5889,,,2.666666666666667,0.11969093901011361
300,300,0.1,50,0.2,293,0.3,250,10.128315654435472,7.484602925691476,10.121676410485035,,0.5889,,,2.3333333333333335,0.06555131353483311
300,300,0.1,50,0.2,294,0.3,250,9.375226784049715,6.565822028056104,9.36309416469794,,0.5889,,,2.0,0.1294114759166793
300,300,0.1,50,0.2,295,0.3,250,8.598301416596268,5.598026435539495,8.559630543026714,,0.591,,,1.6666666666666667,0.4497501505926798
300,300,0.1,50,0.2,296,0.3,250,7.81706667013852,4.580439315076575,7.710254436187171,,0.601,,,1.3333333333333335,1.366397888857417
300,300,0.1,50,0.2,297,0.3,250,7.005877010280556,3.512379104701239,6.8140162531434925,,0.611,,,1.0,2.7385687310171636
300,300,0.1,50,0.2,298,0.3,250,6.203316893948229,2.39326103338513,5.870051637088707,,0.611,,,0.6666666666666667,5.372371951280543
300,300,0.1,50,0.2,299,0.3,250,5.41811781309082,1.2225978828193431,4.877584507712385,,0.6889,,,0.33333333333333337,9.976403688979268
300,300,0.1,50,0.2,300,0.3,250,4.65191660658439,0.0,3.835929408564255,,0.711,,,0.0,17.5408818994127
300,300,0.1,50,1.0,255,0.35,250,47.00304695378084,43.618205806587376,46.97149836161021,0.5889,,,,15.0,0.0671203128632325
300,300,0.1,50,1.0,256,0.35,250,46.57467168755679,43.08953171449152,46.568738387787576,0.5889,,,,14.666666666666666,0.012739327093949558
300,300,0.1,50,1.0,257,0.35,250,46.12700188199003,42.543974761855125,46.152005460401725,0.5889,,,,14.333333333333334,0.05420594747445365
300,300,0.1,50,1.0,258,0.35,250,45.72270188492802,41.98126263186708,45.72102947318312,0.5889,,,,14.000000000000002,0.0036577272907182034
300,300,0.1,50,1.0,259,0.35,250,45.25480081817047,41.40112693154714,45.27554239281342,0.5889,,,,13.666666666666666,0.04583287135940618
300,300,0.1,50,1.0,260,0.35,250,44.81614510673205,40.80330338275832,44.81527846420056,0.5889,,,,13.333333333333334,0.0019337730396655577
300,300,0.1,50,1.0,261,0.35,250,44.32979805169204,40.18753200563834,44.33997441142522,0.5889,,,,13.0,0.022956025473685252
300,300,0.1,50,1.0,262,0.35,250,43.87059920878512,39.553557294212,43.84936963402972,0.5889,,,,12.666666666666668,0.04839134896327353
300,300,0.1,50,1.0,263,0.35,250,43.35772229875983,38.90112838397117,43.3432063983398,0.5889,,,,12.333333333333334,0.03347938879262734
300,300,0.1,50,1.0,264,0.35,250,42.78312655459587,38.22999921123152,42.82123002352407,0.5889,,,,12.0,0.08906190827260349
300,300,0.1,50,1.0,265,0.35,250,42.32506018614541,37.53992866409851,42.28318906211448,0.5889,,,,11.666666666666666,0.09892750027236208
300,300,0.1,50,1.0,266,0.35,250,41.741519856617785,36.83068072489951,41.72883547472868,0.5889,,,,11.333333333333332,0.030387925338302712
300,300,0.1,50,1.0,267,0.35,250,41.128991946379934,36.10202460396104,41.15792479875285,0.5889,,,,11.0,0.0703466119729803
300,300,0.1,50,1.0,268,0.35,250,40.58574251817618,35.3537348646329,40.57021631076218,0.5889,,,,10.666666666666668,0.038255324285497785
300,300,0.1,50,1.0,269,0.35,250,39.93406497891552,34.58559153948444,39.96547318247397,0.5889,,,,10.333333333333334,0.07865015388499033
300,300,0.1,50,1.0,270,0.35,250,39.317777524799695,33.79738023761918,39.34346263004814,0.5889,,,,10.0,0.06532695097590716
300,300,0.1,50,1.0,271,0.35,250,38.69699152978705,32.98889224307645,38.70395605656715,0.5889,,,,9.666666666666666,0.01799759233154139
300,300,0.1,50,1.0,272,0.35,250,38.05331120222099,32.15992460430893,38.04672918754734,0.5889,,,,9.333333333333334,0.017296825074352245
300,300,0.1,50,1.0,273,0.35,250,37.33450815784022,31.310280214746584,37.37156219935048,0.5889,,,,9.0,0.09924877369109862
300,300,0.1,50,1.0,274,0.35,250,36.68558095885861,30.43976788447665,36.67823984038563,0.5889,,,,8.666666666666668,0.020010909684685142
300,300,0.1,50,1.0,275,0.35,250,35.98313307825632,29.54820240308827,35.96655154500601,0.5889,,,,8.333333333333332,0.046081404902259274
300,300,0.1,50,1.0,276,0.35,250,35.1960628556938,28.635404593750053,35.23629154002742,0.5889,,,,8.0,0.11429881944057267
300,300,0.1,50,1.0,277,0.35,250,34.442627738962855,27.701201358605417,34.48725894380898,0.5889,,,,7.666666666666666,0.12958130019690112
300,300,0.1,50,1.0,278,0.35,250,33.69042735674173,26.74542571558861,33.719257857857855,0.5889,,,,7.333333333333333,0.08557475632720461
300,300,0.1,50,1.0,279,0.35,250,32.89069863963051,25.76791682677913,32.93209745093358,0.5889,,,,7.000000000000001,0.1258678380677307
300,300,0.1,50,1.0,280,0.35,250,32.115485415951014,24.76852001843009,32.12559203564662,0.5889,,,,6.666666666666667,0.031469615248554586
300,300,0.1,50,1.0,281,0.35,250,31.271686131039704,23.747086792817427,31.29956113756056,0.5889,,,,6.333333333333334,0.08913816288654361
300,300,0.1,50,1.0,282,0.35,250,30.45080428903073,22.703474832073752,30.45382955682432,0.5889,,,,6.0,0.009934935592748618
300,300,0.1,50,1.0,283,0.35,250,29.604317558829457,21.63754799418119,29.58822742237436,0.5889,,,,5.666666666666666,0.05435064133170393
300,300,0.1,50,1.0,284,0.35,250,28.75548993761945,20.54917630131081,28.702590238763506,0.5889,,,,5.333333333333334,0.1839638238496483
300,300,0.1,50,1.0,285,0.35,250,27.844962566366465,19.438235920706745,27.796758925685225,0.5889,,,,5.0,0.1731144028883163
300,300,0.1,50,1.0,286,0.35,250,26.932196165489103,18.304609138324,26.87057985027812,0.5889,,,,4.666666666666667,0.2287831071494219
300,300,0.1,50,1.0,287,0.35,250,26.05324934738825,17.148184325437185,25.92390485230416,0.591,,,,4.333333333333334,0.4964620472457634
300,300,0.1,50,1.0,288,0.35,250,25.16143196389477,15.968855898447272,24.95659126231284,0.5989,,,,4.0,0.8141058977718921
300,300,0.1,50,1.0,289,0.35,250,24.25687396287295,14.766524272120108,23.96850191290754,0.601,,,,3.6666666666666665,1.1888261051559503
300,300,0.1,50,1.0,290,0.35,250,23.29287313056468,13.541095806498037,22.95950514324838,0.6089,,,,3.3333333333333335,1.431201661760045
300,300,0.1,50,1.0,291,0.35,250,22.355547345870097,12.292482747730304,21.929474796930837,0.611,,,,3.0,1.9058918233910802
300,300,0.1,50,1.0,292,0.35,250,21.462255130577155,11.020603163075634,20.8782902133928,0.611,,,,2.666666666666667,2.720892625828426
300,300,0.1,50,1.0,293,0.35,250,20.5100883299858,9.725380870332684,19.80583621300833,0.611,,,,2.3333333333333335,3.4336864163956315
300,300,0.1,50,1.0,294,0.35,250,19.55091545525159,8.406745361957263,18.71200307603908,0.611,,,,2.0,4.290910986406887
300,300,0.1,50,1.0,295,0.35,250,18.62932968863497,7.064631724131004,17.596686515615914,0.611,,,,1.6666666666666667,5.543104289195292
300,300,0.1,50,1.0,296,0.35,250,17.7658671934003,5.698980551043718,16.45978764493782,0.6889,,,,1.3333333333333335,7.351622829577755
300,300,0.1,50,1.0,297,0.35,250,16.843058104717578,4.309737854657357,15.301212938873078,0.6889,,,,1.0,9.154187774324923
300,300,0.1,50,1.0,298,0.35,250,15.932535070938052,2.8968549702170776,14.120874190161231,0.6889,,,,0.6666666666666667,11.370826254017818
300,300,0.1,50,1.0,299,0.35,250,15.03120035264025,1.460288457775988,12.918688460413122,0.701,,,,0.33333333333333337,14.054179590893831
300,300,0.1,50,1.0,300,0.35,250,14.214636224920348,0.0,11.694578026114655,0.711,,,,0.0,17.72861548428274
300,300,0.1,50,1.0,255,0.4,250,48.90492632513287,44.43901868675896,48.90208196795644,0.5889,,,,15.0,0.005816095412389469
300,300,0.1,50,1.0,256,0.4,250,48.43512360382808,43.83001374699113,48.43063421865334,0.5889,,,,14.666666666666666,0.009268862843137986
300,300,0.1,50,1.0,257,0.4,250,47.95653945505307,43.20549158934779,47.94606150682586,0.5889,,,,14.333333333333334,0.02184884135984297
300,300,0.1,50,1.0,258,0.4,250,47.491486105323055,42.56528903777725,47.44818886420065,0.5889,,,,14.000000000000002,0.0911684275922246
300,300,0.1,50,1.0,259,0.4,250,46.93198220781912,41.90924693615717,46.93684414840734,0.5889,,,,13.666666666666666,0.010359546644954244
300,300,0.1,50,1.0,260,0.4,250,46.37395846590656,41.23721021925552,46.41185813992088,0.5889,,,,13.333333333333334,0.0817261999365067
300,300,0.1,50,1.0,261,0.4,250,45.86471362377011,40.54902797831879,45.87306463495693,0.5889,,,,13.0,0.018207921792183557
300,300,0.1,50,1.0,262,0.4,250,45.32990960585658,39.8445535212859,45.32030053424392,0.5889,,,,12.666666666666668,0.0211980824497756
300,300,0.1,50,1.0,263,0.4,250,44.763136905011066,39.12364442763793,44.75340592760529,0.5889,,,,12.333333333333334,0.021738819212833355
300,300,0.1,50,1.0,264,0.4,250,44.16892763654217,38.38616259790175,44.17222417429423,0.5889,,,,12.0,0.007463476992657465
300,300,0.1,50,1.0,265,0.4,250,43.58245084319851,37.63197429783678,43.57660197903158,0.5889,,,,11.666666666666666,0.01342022776087479
300,300,0.1,50,1.0,266,0.4,250,42.96202837234837,36.86095019734249,42.96638946370781,0.5889,,,,11.333333333333332,0.01015103691484222
300,300,0.1,50,1.0,267,0.4,250,42.32366318998265,36.07296540413287,42.34144023471737,0.5889,,,,11.0,0.04200261365590362
300,300,0.1,50,1.0,268,0.4,250,41.72955139922766,35.26789949223377,41.70161144590293,0.5889,,,,10.666666666666668,0.06695483749017725
300,300,0.1,50,1.0,269,0.4,250,41.002692767219656,34.44563652536485,41.04676385709544,0.5889,,,,10.333333333333334,0.10748340389736331
300,300,0.1,50,1.0,270,0.4,250,40.38875451977917,33.606065075278224,40.37676188824384,0.5889,,,,10.0,0.029692996671772165
300,300,0.1,50,1.0,271,0.4,250,39.70098934101863,32.74907823513135,39.69147366913626,0.5889,,,,9.666666666666666,0.023968349505429844
300,300,0.1,50,1.0,272,0.4,250,38.99039587678556,31.87457362797853,38.99077108472282,0.5889,,,,9.333333333333334,0.0009623086117053454
300,300,0.1,50,1.0,273,0.4,250,38.224303649794194,30.98245341047368,38.27452981605636,0.5889,,,,9.0,0.1313985121150373
300,300,0.1,50,1.0,274,0.4,250,37.50984759985244,30.072624271880827,37.54262937687602,0.5889,,,,8.666666666666668,0.08739512187116594
300,300,0.1,50,1.0,275,0.4,250,36.75834676157895,29.144997428496158,36.794953145865705,0.5889,,,,8.333333333333332,0.09958659056184302
300,300,0.1,50,1.0,276,0.4,250,35.982514216651815,28.199488613589864,36.03138839462383,0.5889,,,,8.0,0.13582757913397683
300,300,0.1,50,1.0,277,0.4,250,35.255459475749326,27.23601806298157,35.2518263113908,0.5889,,,,7.666666666666666,0.010305253179368628
300,300,0.1,50,1.0,278,0.4,250,34.46411670531587,26.25451049636648,34.45616202058339,0.5889,,,,7.333333333333333,0.023081063706031385
300,300,0.1,50,1.0,279,0.4,250,33.64237469007874,25.254895094515007,33.64429459819411,0.5889,,,,7.000000000000001,0.00570681508976497
300,300,0.1,50,1.0,280,0.4,250,32.8195116101956,24.23710547247127,32.81612708311624,0.5889,,,,6.666666666666667,0.010312545535575417
300,300,0.1,50,1.0,281,0.4,250,32.01169055564539,23.201079648878988,31.97156648446311,0.5889,,,,6.333333333333334,0.1253419312939114
300,300,0.1,50,1.0,282,0.4,250,31.142360575252237,22.14676001156799,31.110523784953514,0.5889,,,,6.0,0.10222985576765259
300,300,0.1,50,1.0,283,0.4,250,30.30815473511209,21.074093279533656,30.23291394044109,0.5889,,,,5.666666666666666,0.24825264133891134
300,300,0.1,50,1.0,284,0.4,250,29.41366456312744,19.98303046144869,29.338655875668067,0.5889,,,,5.333333333333334,0.25501306475563484
300,300,0.1,50,1.0,285,0.4,250,28.587124291078855,18.8735268108435,28.4276724763304,0.591,,,,5.0,0.5577749378527528
300,300,0.1,50,1.0,286,0.4,250,27.66270173462022,17.74554177809641,27.499890577542345,0.591,,,,4.666666666666667,0.5885584085017821
300,300,0.1,50,1.0,287,0.4,250,26.77859587675181,16.599038959374965,26.55524094879509,0.5989,,,,4.333333333333334,0.8340800577622219
300,300,0.1,50,1.0,288,0.4,250,25.894507020939606,15.43398604266956,25.59365827550367,0.601,,,,4.0,1.1618245722641252
300,300,0.1,50,1.0,289,0.4,250,25.008516643143796,14.250354751063083,24.61508113724301,0.6089,,,,3.6666666666666665,1.5732060862100292
300,300,0.1,50,1.0,290,0.4,250,24.12158130385268,13.048120783379034,23.619451982773214,0.611,,,,3.3333333333333335,2.081660048544436
300,300,0.1,50,1.0,291,0.4,250,23.26118871721444,11.827263752349964,22.60671710195983,0.611,,,,3.0,2.8135776860374686
300,300,0.1,50,1.0,292,0.4,250,22.317838824594983,10.587767120450906,21.57682659469337,0.611,,,,2.666666666666667,3.320268757766071
300,300,0.1,50,1.0,293,0.4,250,21.43515332008046,9.32961813353714,20.529734336917883,0.611,,,,2.3333333333333335,4.223991168350447
300,300,0.1,50,1.0,294,0.4,250,20.566522328806528,8.05280775242909,19.46539794387552,0.611,,,,2.0,5.353964891714906
300,300,0.1,50,1.0,295,0.4,250,19.684391499930527,6.757330582583592,18.383778730681527,0.6889,,,,1.6666666666666667,6.607330326942491
300,300,0.1,50,1.0,296,0.4,250,18.791125482000552,5.443184801989702,17.284841670336846,0.6889,,,,1.3333333333333335,8.015931845628566
300,300,0.1,50,1.0,297,0.4,250,17.94442473552952,4.110372087427493,16.168555349295147,0.6889,,,,1.0,9.89649661333637
300,300,0.1,50,1.0,298,0.4,250,17.080655271967803,2.7588975392229718,15.03489192069364,0.6909,,,,0.6666666666666667,11.97707768642577
300,300,0.1,50,1.0,299,0.4,250,16.255674383022257,1.388769604634291,13.883827055364309,0.7089,,,,0.33333333333333337,14.590888521580817
300,300,0.1,50,1.0,300,0.4,250,15.419082980184657,0.0,12.715339890736216,0.711,,,,0.0,17.53504467757953
