confidence_interval,option_price,standard_error,m,S0,K,H,q,confidence_level,n_paths,r,sigma,T
1.2695349783190477,4.857123378427624,0.6477338299749269,50,100,100,85,0,0.95,100,0.1,0.2,0.2
1.3425680940259097,6.0547594860197815,0.6849963084097033,50,100,100,85,0,0.95,100,0.1,0.2,0.30000000000000004
1.6036762326036134,4.835371788757243,0.8182171944245951,50,100,100,85,0,0.95,100,0.1,0.2,0.4
2.36815980499562,9.06214592192902,1.2082670006568297,50,100,100,85,0,0.95,100,0.1,0.2,0.5
2.342861494600107,8.675104915069054,1.195359462255582,50,100,100,85,0,0.95,100,0.1,0.2,0.6000000000000001
2.1752620182438878,8.277368143235863,1.1098479540451136,50,100,100,85,0,0.95,100,0.1,0.2,0.7
2.4395118224466468,9.396259519396992,1.2446717601390662,50,100,100,85,0,0.95,100,0.1,0.2,0.8
2.9804778132185814,14.420650266374459,1.5206798883694854,50,100,100,85,0,0.95,100,0.1,0.2,0.9000000000000001
3.1185232276022345,12.928043522378584,1.5911125164547655,50,100,100,85,0,0.95,100,0.1,0.2,1
3.1410461037568718,11.527489585213695,1.602603990957509,50,100,100,85,0,0.95,100,0.1,0.2,1.1
3.8309843983171605,15.479318553809364,1.954619793289814,50,100,100,85,0,0.95,100,0.1,0.2,1.2
3.746835894502724,15.784258920559493,1.9116860942636127,50,100,100,85,0,0.95,100,0.1,0.2,1.3
4.1279443754157406,18.538972186150563,2.1061327697735464,50,100,100,85,0,0.95,100,0.1,0.2,1.4000000000000001
3.6607220961308053,15.08610565232858,1.8677496755073637,50,100,100,85,0,0.95,100,0.1,0.2,1.5
4.1457352243064065,19.763940092132383,2.1152099002876774,50,100,100,85,0,0.95,100,0.1,0.2,1.6
4.100822594785758,17.762142086222852,2.0922948723203714,50,100,100,85,0,0.95,100,0.1,0.2,1.7
4.400408312440081,19.403147712437075,2.245147536970036,50,100,100,85,0,0.95,100,0.1,0.2,1.8
4.951421670467758,17.516059000579034,2.5262819671809993,50,100,100,85,0,0.95,100,0.1,0.2,1.9000000000000001
4.817369546777654,18.245711918826647,2.45788676974498,50,100,100,85,0,0.95,100,0.1,0.2,2
5.497539229508656,21.352577441551638,2.8049184948665102,50,100,100,85,0,0.95,100,0.1,0.2,2.1
5.081280063350918,23.19603214731436,2.5925374667245964,50,100,100,85,0,0.95,100,0.1,0.2,2.2
5.352893278609751,21.318414217646072,2.731118184228226,50,100,100,85,0,0.95,100,0.1,0.2,2.3000000000000003
5.57026610614075,20.754888418906614,2.8420247260043032,50,100,100,85,0,0.95,100,0.1,0.2,2.4000000000000004
5.042841631415009,19.873578814542597,2.5729256614878135,50,100,100,85,0,0.95,100,0.1,0.2,2.5000000000000004
4.8532779921788425,21.04745604028501,2.476207741805911,50,100,100,85,0,0.95,100,0.1,0.2,2.6000000000000005
5.734272697009107,23.174757979764898,2.9257030956896752,50,100,100,85,0,0.95,100,0.1,0.2,2.7
6.534592204303737,25.77848390417047,3.3340368781507044,50,100,100,85,0,0.95,100,0.1,0.2,2.8000000000000003
5.22655310624301,19.268362757536664,2.6666577281365345,50,100,100,85,0,0.95,100,0.1,0.2,2.9000000000000004
5.751897134802719,26.542497503066848,2.9346953210227076,50,100,100,85,0,0.95,100,0.1,0.2,3.0000000000000004
7.099349212125257,29.602784091922743,3.622183503433746,50,100,100,85,0,0.95,100,0.1,0.2,3.1000000000000005
5.5949053520196,19.7761970583914,2.854596000820168,50,100,100,85,0,0.95,100,0.1,0.2,3.2
6.763246778913582,33.818344651966015,3.4506995191040297,50,100,100,85,0,0.95,100,0.1,0.2,3.3000000000000003
7.509538560298254,29.34079907449823,3.831467628758761,50,100,100,85,0,0.95,100,0.1,0.2,3.4000000000000004
6.728917405158093,23.653405654293483,3.433184210646183,50,100,100,85,0,0.95,100,0.1,0.2,3.5000000000000004
7.796083913107931,36.21893788175707,3.977666923781481,50,100,100,85,0,0.95,100,0.1,0.2,3.6000000000000005
7.360551602034576,28.38708662145024,3.7554524777463607,50,100,100,85,0,0.95,100,0.1,0.2,3.7
7.239834522703672,29.325511526462034,3.6938609993910925,50,100,100,85,0,0.95,100,0.1,0.2,3.8000000000000003
6.9328787345629035,29.196777819107293,3.5372480256007592,50,100,100,85,0,0.95,100,0.1,0.2,3.9000000000000004
9.241552525012116,37.33170335586536,4.715164461137197,50,100,100,85,0,0.95,100,0.1,0.2,4
6.668089138989961,24.514862630674084,3.4021488106858073,50,100,100,85,0,0.95,100,0.1,0.2,4.1000000000000005
7.928058160485791,30.62220751326775,4.0450019607611685,50,100,100,85,0,0.95,100,0.1,0.2,4.2
6.919258767372781,31.53903142932682,3.5302989350574863,50,100,100,85,0,0.95,100,0.1,0.2,4.300000000000001
7.13817685538956,26.81988476424073,3.641993889527863,50,100,100,85,0,0.95,100,0.1,0.2,4.4
10.455528418951605,44.06271819861445,5.33455129860726,50,100,100,85,0,0.95,100,0.1,0.2,4.5
8.267750842145299,36.11237526544943,4.218317738162672,50,100,100,85,0,0.95,100,0.1,0.2,4.6000000000000005
8.025419063866657,36.40326350441389,4.094676803844427,50,100,100,85,0,0.95,100,0.1,0.2,4.7
8.051667007750348,31.517677406460454,4.10806885803049,50,100,100,85,0,0.95,100,0.1,0.2,4.800000000000001
7.773373500329846,32.0340223650869,3.9660797655697886,50,100,100,85,0,0.95,100,0.1,0.2,4.9
1.3154034349302834,3.8325092331855557,0.6711365337863441,50,100,100,85,0,0.95,100,0.1,0.25,0.2
2.2320213297784393,7.687029262147274,1.1388073185958205,50,100,100,85,0,0.95,100,0.1,0.25,0.30000000000000004
2.5050374790719254,9.732457747905277,1.2781038319231075,50,100,100,85,0,0.95,100,0.1,0.25,0.4
1.8509188101210345,5.9371034903309745,0.9443636845987202,50,100,100,85,0,0.95,100,0.1,0.25,0.5
2.924486468753624,10.020779562315152,1.4921123509521603,50,100,100,85,0,0.95,100,0.1,0.25,0.6000000000000001
3.2835741327012458,10.256768129790464,1.675323709313875,50,100,100,85,0,0.95,100,0.1,0.25,0.7
3.2433738236444296,11.707691141070157,1.6548129706605574,50,100,100,85,0,0.95,100,0.1,0.25,0.8
4.180675076450141,16.37199380416385,2.1330366830343683,50,100,100,85,0,0.95,100,0.1,0.25,0.9000000000000001
3.79990364108301,14.41545218352198,1.938761972697542,50,100,100,85,0,0.95,100,0.1,0.25,1
4.292106312668659,13.539040967195671,2.189890399274806,50,100,100,85,0,0.95,100,0.1,0.25,1.1
3.664025090042735,12.666054487443871,1.8694349074493704,50,100,100,85,0,0.95,100,0.1,0.25,1.2
4.3119821351595835,16.248998160551512,2.2000313113771215,50,100,100,85,0,0.95,100,0.1,0.25,1.3
4.179491062548077,16.60792619197433,2.1324325832083493,50,100,100,85,0,0.95,100,0.1,0.25,1.4000000000000001
5.868756260349489,17.59793427135146,2.994318419441117,50,100,100,85,0,0.95,100,0.1,0.25,1.5
5.554823769051147,21.35772422014379,2.8341458378148214,50,100,100,85,0,0.95,100,0.1,0.25,1.6
5.454459025651044,20.52094289621306,2.782938395131299,50,100,100,85,0,0.95,100,0.1,0.25,1.7
5.3387609898518065,19.257393868452265,2.7239077003267775,50,100,100,85,0,0.95,100,0.1,0.25,1.8
5.79427175733378,24.00246500892006,2.9563154236701576,50,100,100,85,0,0.95,100,0.1,0.25,1.9000000000000001
5.27377108899068,23.226359009214658,2.6907489783432315,50,100,100,85,0,0.95,100,0.1,0.25,2
6.718427215967536,18.107203804005305,3.427831974955475,50,100,100,85,0,0.95,100,0.1,0.25,2.1
6.29617202460078,20.61746924104792,3.2123916940638617,50,100,100,85,0,0.95,100,0.1,0.25,2.2
4.776085121335407,12.076109129389122,2.436822900322943,50,100,100,85,0,0.95,100,0.1,0.25,2.3000000000000003
6.3393473840407255,21.563188769922636,3.2344203434576806,50,100,100,85,0,0.95,100,0.1,0.25,2.4000000000000004
6.78383636946522,20.845789404684528,3.461204605276044,50,100,100,85,0,0.95,100,0.1,0.25,2.5000000000000004
7.913490357657975,23.070163526046386,4.037569271720591,50,100,100,85,0,0.95,100,0.1,0.25,2.6000000000000005
7.864477926800249,21.495176164421192,4.012562469940391,50,100,100,85,0,0.95,100,0.1,0.25,2.7
7.226719358451159,24.24648562430029,3.687169466099683,50,100,100,85,0,0.95,100,0.1,0.25,2.8000000000000003
7.43885351272618,26.427405966305482,3.7954031662841294,50,100,100,85,0,0.95,100,0.1,0.25,2.9000000000000004
7.536437849866571,27.834509336568207,3.8451920082782296,50,100,100,85,0,0.95,100,0.1,0.25,3.0000000000000004
7.399070267075532,23.514745571178345,3.77510521899303,50,100,100,85,0,0.95,100,0.1,0.25,3.1000000000000005
7.433984281941292,24.536115330371253,3.792918819212808,50,100,100,85,0,0.95,100,0.1,0.25,3.2
8.579700150539418,30.35489687604089,4.37747847318369,50,100,100,85,0,0.95,100,0.1,0.25,3.3000000000000003
7.040827657184349,23.962793154085215,3.592325018582739,50,100,100,85,0,0.95,100,0.1,0.25,3.4000000000000004
7.690949798827069,21.519027575926103,3.924026083893531,50,100,100,85,0,0.95,100,0.1,0.25,3.5000000000000004
7.23306224194421,23.069268807447667,3.690405690613543,50,100,100,85,0,0.95,100,0.1,0.25,3.6000000000000005
6.904680588741735,22.033460367174598,3.5228609521424756,50,100,100,85,0,0.95,100,0.1,0.25,3.7
8.601293167646837,30.413490915503576,4.3884955210875,50,100,100,85,0,0.95,100,0.1,0.25,3.8000000000000003
9.54131750990862,26.95044298688547,4.868108590346208,50,100,100,85,0,0.95,100,0.1,0.25,3.9000000000000004
6.295599285314125,18.02543732509695,3.2120994747725007,50,100,100,85,0,0.95,100,0.1,0.25,4
9.496309408077785,30.56051762785087,4.845144851121481,50,100,100,85,0,0.95,100,0.1,0.25,4.1000000000000005
11.081451649816575,28.583852963508633,5.653905753996325,50,100,100,85,0,0.95,100,0.1,0.25,4.2
9.420281481865677,30.59984812778141,4.806354380065989,50,100,100,85,0,0.95,100,0.1,0.25,4.300000000000001
10.176924892266504,22.058538369228582,5.1924040301458545,50,100,100,85,0,0.95,100,0.1,0.25,4.4
9.967602736722693,35.493332568194404,5.0856050495549265,50,100,100,85,0,0.95,100,0.1,0.25,4.5
7.940559759135529,25.76593115419359,4.051380444625336,50,100,100,85,0,0.95,100,0.1,0.25,4.6000000000000005
10.428286914188165,34.91338568751099,5.320652316290076,50,100,100,85,0,0.95,100,0.1,0.25,4.7
11.380511593379724,35.64266406380814,5.806490161629371,50,100,100,85,0,0.95,100,0.1,0.25,4.800000000000001
12.440072792624717,41.27156323804711,6.34709254391939,50,100,100,85,0,0.95,100,0.1,0.25,4.9
1.4115637295179295,3.796680422467756,0.7201988101068,50,100,100,85,0,0.95,100,0.1,0.3,0.2
2.5611601451672605,9.622537842979305,1.3067383714034366,50,100,100,85,0,0.95,100,0.1,0.3,0.30000000000000004
2.5003823556171945,10.17256587858109,1.2757287252928582,50,100,100,85,0,0.95,100,0.1,0.3,0.4
2.8165745814989847,9.889412751357499,1.4370542539127074,50,100,100,85,0,0.95,100,0.1,0.3,0.5
3.405259759170434,12.544976477050907,1.7374093534527617,50,100,100,85,0,0.95,100,0.1,0.3,0.6000000000000001
3.67228103419106,12.165800568857986,1.8736472012534642,50,100,100,85,0,0.95,100,0.1,0.3,0.7
2.981428081351697,9.868001878766224,1.5211647279586877,50,100,100,85,0,0.95,100,0.1,0.3,0.8
6.160457782501473,19.33472948700725,3.1431484614484644,50,100,100,85,0,0.95,100,0.1,0.3,0.9000000000000001
4.530765525814724,15.309200976537397,2.3116575414409777,50,100,100,85,0,0.95,100,0.1,0.3,1
4.341913667639381,14.874024672203923,2.2153027820346916,50,100,100,85,0,0.95,100,0.1,0.3,1.1
4.450852512880864,14.956829814531202,2.2708848468587286,50,100,100,85,0,0.95,100,0.1,0.3,1.2
5.052835854694312,17.922429091388434,2.5780248486964235,50,100,100,85,0,0.95,100,0.1,0.3,1.3
5.600856528308571,18.375012887896496,2.857632371047332,50,100,100,85,0,0.95,100,0.1,0.3,1.4000000000000001
5.8376176830440825,16.731104248736187,2.97843109827041,50,100,100,85,0,0.95,100,0.1,0.3,1.5
5.672779192376332,18.348428230189782,2.894328282112575,50,100,100,85,0,0.95,100,0.1,0.3,1.6
5.410047655402557,19.003947573162343,2.7602791163900573,50,100,100,85,0,0.95,100,0.1,0.3,1.7
7.493231579560482,16.71407714269429,3.823147587744539,50,100,100,85,0,0.95,100,0.1,0.3,1.8
6.411839083342009,18.329489720988157,3.271406583956531,50,100,100,85,0,0.95,100,0.1,0.3,1.9000000000000001
7.172777477517575,24.855902660022558,3.659647592555541,50,100,100,85,0,0.95,100,0.1,0.3,2
7.057635608334833,18.884464335528467,3.600900661443048,50,100,100,85,0,0.95,100,0.1,0.3,2.1
7.10832585937252,20.4247600727113,3.6267635096573647,50,100,100,85,0,0.95,100,0.1,0.3,2.2
8.936677568910618,21.255162271016047,4.5596131558548985,50,100,100,85,0,0.95,100,0.1,0.3,2.3000000000000003
6.7024052674719545,20.02657907954857,3.419657361226876,50,100,100,85,0,0.95,100,0.1,0.3,2.4000000000000004
8.229934488323478,25.0804480637376,4.199023325550955,50,100,100,85,0,0.95,100,0.1,0.3,2.5000000000000004
7.985365411670113,22.22028696232116,4.074240891494771,50,100,100,85,0,0.95,100,0.1,0.3,2.6000000000000005
7.400814785735451,21.27093278379829,3.7759952958891767,50,100,100,85,0,0.95,100,0.1,0.3,2.7
6.8834102392886045,19.57838487142943,3.5120085336179985,50,100,100,85,0,0.95,100,0.1,0.3,2.8000000000000003
9.939596649180753,26.445802674275193,5.071315966815219,50,100,100,85,0,0.95,100,0.1,0.3,2.9000000000000004
9.024809985332157,20.284594057386258,4.604579500704455,50,100,100,85,0,0.95,100,0.1,0.3,3.0000000000000004
13.34940711777494,35.29749549473811,6.811047153454533,50,100,100,85,0,0.95,100,0.1,0.3,3.1000000000000005
8.180531733805957,23.073600064794817,4.17381737538697,50,100,100,85,0,0.95,100,0.1,0.3,3.2
9.654813179109277,25.336562893382094,4.926015608075053,50,100,100,85,0,0.95,100,0.1,0.3,3.3000000000000003
7.548331092927178,21.84837253892949,3.851260100934227,50,100,100,85,0,0.95,100,0.1,0.3,3.4000000000000004
11.537680746600776,32.12670648378874,5.886679978616204,50,100,100,85,0,0.95,100,0.1,0.3,3.5000000000000004
8.855206649116818,29.17214385738011,4.518045596228073,50,100,100,85,0,0.95,100,0.1,0.3,3.6000000000000005
10.595234164446305,26.723992462781162,5.405831049968347,50,100,100,85,0,0.95,100,0.1,0.3,3.7
8.752756327737632,26.398166647935945,4.465774063594157,50,100,100,85,0,0.95,100,0.1,0.3,3.8000000000000003
13.02686132617641,30.537715639139464,6.646479950106548,50,100,100,85,0,0.95,100,0.1,0.3,3.9000000000000004
10.155732330490808,28.296824646160324,5.1815912999411875,50,100,100,85,0,0.95,100,0.1,0.3,4
10.942802893991654,25.438736210471205,5.58316529298859,50,100,100,85,0,0.95,100,0.1,0.3,4.1000000000000005
10.181601333018977,25.69171727261783,5.1947900131482765,50,100,100,85,0,0.95,100,0.1,0.3,4.2
14.31670736755422,29.82051375256135,7.3045767577785,50,100,100,85,0,0.95,100,0.1,0.3,4.300000000000001
11.903954673554939,28.62704367199871,6.073557865068856,50,100,100,85,0,0.95,100,0.1,0.3,4.4
10.242915605131955,26.428467051431365,5.226073379881859,50,100,100,85,0,0.95,100,0.1,0.3,4.5
8.977641121405762,25.617195978874634,4.5805133115813605,50,100,100,85,0,0.95,100,0.1,0.3,4.6000000000000005
13.15061963363548,33.18097889014832,6.709623103978385,50,100,100,85,0,0.95,100,0.1,0.3,4.7
14.107690294352464,33.54208597295818,7.19793343430396,50,100,100,85,0,0.95,100,0.1,0.3,4.800000000000001
8.279164528462156,19.811287183431997,4.224141154514649,50,100,100,85,0,0.95,100,0.1,0.3,4.9
2.1786486682903856,8.017568704230582,1.1115758684727313,50,100,100,85,0,0.95,100,0.1,0.35,0.2
3.2745642421581547,11.301553529074162,1.6707267419133718,50,100,100,85,0,0.95,100,0.1,0.35,0.30000000000000004
3.1013662998364393,10.037742679753576,1.5823588210291726,50,100,100,85,0,0.95,100,0.1,0.35,0.4
4.219318497605454,14.847753743391308,2.152753076529416,50,100,100,85,0,0.95,100,0.1,0.35,0.5
4.210227288533481,12.97426411870347,2.14811461932118,50,100,100,85,0,0.95,100,0.1,0.35,0.6000000000000001
3.484493388988902,10.08687724827592,1.7778354176271307,50,100,100,85,0,0.95,100,0.1,0.35,0.7
3.8166392925115393,10.026479228194669,1.947300727266778,50,100,100,85,0,0.95,100,0.1,0.35,0.8
5.023503180310005,16.22960001041842,2.563058923497961,50,100,100,85,0,0.95,100,0.1,0.35,0.9000000000000001
4.55248959247331,11.914131422669294,2.3227414525893164,50,100,100,85,0,0.95,100,0.1,0.35,1
6.7374929704816235,19.760773780935033,3.4375595794749847,50,100,100,85,0,0.95,100,0.1,0.35,1.1
7.786536220545088,21.441927140045387,3.972795562553339,50,100,100,85,0,0.95,100,0.1,0.35,1.2
6.427865539788449,18.590959963940687,3.2795834977023213,50,100,100,85,0,0.95,100,0.1,0.35,1.3
8.096323547027508,19.027495094617162,4.130853225309381,50,100,100,85,0,0.95,100,0.1,0.35,1.4000000000000001
5.848169985233907,20.246477172000958,2.983815024849194,50,100,100,85,0,0.95,100,0.1,0.35,1.5
6.6658712615987,19.056620288946924,3.4010172197949773,50,100,100,85,0,0.95,100,0.1,0.35,1.6
6.630404239510974,20.87681320047882,3.3829214678487753,50,100,100,85,0,0.95,100,0.1,0.35,1.7
6.49786239403628,16.83158356994816,3.3152968346819582,50,100,100,85,0,0.95,100,0.1,0.35,1.8
8.803031599840923,23.55644165719069,4.4914251839718045,50,100,100,85,0,0.95,100,0.1,0.35,1.9000000000000001
8.255046956441827,18.725426883741935,4.211836044721528,50,100,100,85,0,0.95,100,0.1,0.35,2
8.951952567578623,21.48476234411987,4.567406665729821,50,100,100,85,0,0.95,100,0.1,0.35,2.1
8.31766557135156,23.542409138986823,4.243784904702456,50,100,100,85,0,0.95,100,0.1,0.35,2.2
8.362260127058876,24.733648103798288,4.266537647129906,50,100,100,85,0,0.95,100,0.1,0.35,2.3000000000000003
6.620578672207688,15.543925776834314,3.3779083311887197,50,100,100,85,0,0.95,100,0.1,0.35,2.4000000000000004
8.943965295715062,23.41027390767937,4.5633314521409165,50,100,100,85,0,0.95,100,0.1,0.35,2.5000000000000004
8.753526249020371,24.2431392707814,4.466166887793383,50,100,100,85,0,0.95,100,0.1,0.35,2.6000000000000005
15.011556966151918,36.06521904980274,7.659098373521741,50,100,100,85,0,0.95,100,0.1,0.35,2.7
9.760976641415727,23.754456237161826,4.980181635177517,50,100,100,85,0,0.95,100,0.1,0.35,2.8000000000000003
9.69583778276707,29.690950196730295,4.946946912926259,50,100,100,85,0,0.95,100,0.1,0.35,2.9000000000000004
12.050139677433043,28.466137964365494,6.148143421248047,50,100,100,85,0,0.95,100,0.1,0.35,3.0000000000000004
8.974585794751913,23.512509969296833,4.578954442807267,50,100,100,85,0,0.95,100,0.1,0.35,3.1000000000000005
9.584800999798784,24.017709192822554,4.890294452042217,50,100,100,85,0,0.95,100,0.1,0.35,3.2
18.822770650546694,34.69287956631373,9.603630882515347,50,100,100,85,0,0.95,100,0.1,0.35,3.3000000000000003
16.339032504639466,38.10390445334727,8.336394256996389,50,100,100,85,0,0.95,100,0.1,0.35,3.4000000000000004
8.557664091581847,18.060969434083187,4.3662353793659525,50,100,100,85,0,0.95,100,0.1,0.35,3.5000000000000004
10.12579117010634,25.17117152741062,5.166314916997092,50,100,100,85,0,0.95,100,0.1,0.35,3.6000000000000005
14.378265447271891,29.573452295795633,7.335984518432897,50,100,100,85,0,0.95,100,0.1,0.35,3.7
9.022991102388318,15.697121885016548,4.603651482149938,50,100,100,85,0,0.95,100,0.1,0.35,3.8000000000000003
10.569947794758498,26.877356784942105,5.392929603876856,50,100,100,85,0,0.95,100,0.1,0.35,3.9000000000000004
9.11633936913226,24.119158698287674,4.65127902402329,50,100,100,85,0,0.95,100,0.1,0.35,4
27.057387168592253,39.37747344428837,13.805043042636228,50,100,100,85,0,0.95,100,0.1,0.35,4.1000000000000005
14.45001458486295,30.654627370665835,7.372591893954595,50,100,100,85,0,0.95,100,0.1,0.35,4.2
10.526941656744675,25.070306698680007,5.370987293531845,50,100,100,85,0,0.95,100,0.1,0.35,4.300000000000001
13.276508935978589,31.433745717989165,6.773853520116695,50,100,100,85,0,0.95,100,0.1,0.35,4.4
16.751691321354297,32.70202419248636,8.5469383384029,50,100,100,85,0,0.95,100,0.1,0.35,4.5
14.466273994740515,28.037259290481447,7.380887663675781,50,100,100,85,0,0.95,100,0.1,0.35,4.6000000000000005
17.235526147884297,36.80012615463062,8.793797377827312,50,100,100,85,0,0.95,100,0.1,0.35,4.7
12.261026389824613,22.21052885357631,6.2557406597968255,50,100,100,85,0,0.95,100,0.1,0.35,4.800000000000001
9.629116594398027,21.174823356960683,4.912904864758368,50,100,100,85,0,0.95,100,0.1,0.35,4.9
2.0323277017526187,6.845282810977441,1.0369209423149406,50,100,100,85,0,0.95,100,0.1,0.4,0.2
3.4090155431211246,10.012106808984884,1.7393256049657058,50,100,100,85,0,0.95,100,0.1,0.4,0.30000000000000004
3.4605230991022395,12.150282883566463,1.7656054531605705,50,100,100,85,0,0.95,100,0.1,0.4,0.4
3.18013543678795,8.92810937468822,1.6225478946921743,50,100,100,85,0,0.95,100,0.1,0.4,0.5
5.788001222616577,18.502775199709596,2.9531161124753273,50,100,100,85,0,0.95,100,0.1,0.4,0.6000000000000001
6.08943634378307,17.776944273988736,3.1069123676841857,50,100,100,85,0,0.95,100,0.1,0.4,0.7
3.628844460714726,9.704666595489831,1.8514852769431418,50,100,100,85,0,0.95,100,0.1,0.4,0.8
6.1222950342641065,14.251811559758258,3.1236773137445324,50,100,100,85,0,0.95,100,0.1,0.4,0.9000000000000001
6.452977270660825,17.132305856303454,3.292395840720078,50,100,100,85,0,0.95,100,0.1,0.4,1
6.5042591256754205,15.327547823050322,3.3185605332445838,50,100,100,85,0,0.95,100,0.1,0.4,1.1
6.747397432347637,17.18200071525709,3.4426129692026217,50,100,100,85,0,0.95,100,0.1,0.4,1.2
8.400766762891143,22.322496541560632,4.286184250912425,50,100,100,85,0,0.95,100,0.1,0.4,1.3
8.079561970784725,20.2516093249685,4.122301243551044,50,100,100,85,0,0.95,100,0.1,0.4,1.4000000000000001
10.108183627335352,23.21680844291869,5.157331311731958,50,100,100,85,0,0.95,100,0.1,0.4,1.5
6.536644279420205,14.088813805405795,3.3350838744897464,50,100,100,85,0,0.95,100,0.1,0.4,1.6
8.13132657043454,22.522964338227695,4.1487122388846975,50,100,100,85,0,0.95,100,0.1,0.4,1.7
9.763960484405814,22.971729245410458,4.9817040320244095,50,100,100,85,0,0.95,100,0.1,0.4,1.8
8.363972526085796,17.414073726639355,4.267411336157064,50,100,100,85,0,0.95,100,0.1,0.4,1.9000000000000001
6.756660942947613,16.398680642421485,3.447339336969094,50,100,100,85,0,0.95,100,0.1,0.4,2
9.473543042890947,21.861516307409623,4.833529145237895,50,100,100,85,0,0.95,100,0.1,0.4,2.1
10.078641145547179,25.75996169819868,5.14225833997268,50,100,100,85,0,0.95,100,0.1,0.4,2.2
12.872900437515243,28.145361171279422,6.567927032871543,50,100,100,85,0,0.95,100,0.1,0.4,2.3000000000000003
9.421713978042058,22.820175078906974,4.8070852588921715,50,100,100,85,0,0.95,100,0.1,0.4,2.4000000000000004
5.866090034646386,13.889913756345981,2.992958075208196,50,100,100,85,0,0.95,100,0.1,0.4,2.5000000000000004
12.195817408047619,27.410837779069865,6.222470159781849,50,100,100,85,0,0.95,100,0.1,0.4,2.6000000000000005
11.25952803076537,16.7897553230712,5.744762719916841,50,100,100,85,0,0.95,100,0.1,0.4,2.7
6.47074324242275,13.925077671246143,3.3014602785883556,50,100,100,85,0,0.95,100,0.1,0.4,2.8000000000000003
11.425239761668179,28.844366898939693,5.829311074993731,50,100,100,85,0,0.95,100,0.1,0.4,2.9000000000000004
13.88882660601159,32.80799922447388,7.086266235280282,50,100,100,85,0,0.95,100,0.1,0.4,3.0000000000000004
15.959848914792975,31.069818261810575,8.14292968681171,50,100,100,85,0,0.95,100,0.1,0.4,3.1000000000000005
15.30144824268077,30.23920230318854,7.807004803851827,50,100,100,85,0,0.95,100,0.1,0.4,3.2
12.13143471326427,25.036228279756806,6.189621242510311,50,100,100,85,0,0.95,100,0.1,0.4,3.3000000000000003
12.984524855917202,31.136504781163286,6.62487931326161,50,100,100,85,0,0.95,100,0.1,0.4,3.4000000000000004
13.057817441854278,31.849073339466475,6.662274176899513,50,100,100,85,0,0.95,100,0.1,0.4,3.5000000000000004
19.287281473936932,30.30597474756824,9.840630555496197,50,100,100,85,0,0.95,100,0.1,0.4,3.6000000000000005
9.333990674043827,14.945457889377307,4.762327648706382,50,100,100,85,0,0.95,100,0.1,0.4,3.7
14.519935428788754,26.276215902809163,7.408266449445068,50,100,100,85,0,0.95,100,0.1,0.4,3.8000000000000003
12.560151964206792,29.86311270921444,6.40835855315693,50,100,100,85,0,0.95,100,0.1,0.4,3.9000000000000004
15.678234587705928,36.43488533724607,7.999246267469118,50,100,100,85,0,0.95,100,0.1,0.4,4
13.001861474013154,26.399333291119383,6.6337246891117285,50,100,100,85,0,0.95,100,0.1,0.4,4.1000000000000005
26.41881356517329,30.2264346491453,13.479234196935007,50,100,100,85,0,0.95,100,0.1,0.4,4.2
21.600931184736282,36.80930130320679,11.02108577255586,50,100,100,85,0,0.95,100,0.1,0.4,4.300000000000001
11.009236455977375,21.740523829958367,5.617060590305142,50,100,100,85,0,0.95,100,0.1,0.4,4.4
11.843686039970324,26.493320320020874,6.042807997183524,50,100,100,85,0,0.95,100,0.1,0.4,4.5
12.050929117414274,19.593994031200086,6.1485462041499055,50,100,100,85,0,0.95,100,0.1,0.4,4.6000000000000005
28.2218169923391,39.90293867702518,14.399150808356273,50,100,100,85,0,0.95,100,0.1,0.4,4.7
17.235177971356887,32.381474382753666,8.793619733477641,50,100,100,85,0,0.95,100,0.1,0.4,4.800000000000001
5.159375480058484,10.218653618289395,2.632382799252935,50,100,100,85,0,0.95,100,0.1,0.4,4.9
2.8522040560770114,8.959846513296958,1.4552328913055717,50,100,100,85,0,0.95,100,0.1,0.45,0.2
2.870825722808483,7.747093569298937,1.4647339162623345,50,100,100,85,0,0.95,100,0.1,0.45,0.30000000000000004
4.236272270767095,14.430447229261786,2.161403119742133,50,100,100,85,0,0.95,100,0.1,0.45,0.4
3.9670785468312224,11.79034224750504,2.0240568592703907,50,100,100,85,0,0.95,100,0.1,0.45,0.5
3.999456241067607,11.29597966630651,2.040576394573986,50,100,100,85,0,0.95,100,0.1,0.45,0.6000000000000001
4.85529493625797,13.025269049377176,2.4772368138169463,50,100,100,85,0,0.95,100,0.1,0.45,0.7
5.408685655039149,14.215647624330591,2.759584205476311,50,100,100,85,0,0.95,100,0.1,0.45,0.8
5.894990997846506,14.051695291293541,3.0077037355509812,50,100,100,85,0,0.95,100,0.1,0.45,0.9000000000000001
7.325397287134631,19.641170430341408,3.737516273215442,50,100,100,85,0,0.95,100,0.1,0.45,1
7.314032041076776,18.05604024957272,3.7317175717354645,50,100,100,85,0,0.95,100,0.1,0.45,1.1
9.28851918075546,20.835725863068454,4.739127480924198,50,100,100,85,0,0.95,100,0.1,0.45,1.2
4.904720719090357,11.04507791504211,2.502454513337066,50,100,100,85,0,0.95,100,0.1,0.45,1.3
8.610783266686969,21.892547009538994,4.393337497325323,50,100,100,85,0,0.95,100,0.1,0.45,1.4000000000000001
7.399511294306998,17.645307996483442,3.775330237021394,50,100,100,85,0,0.95,100,0.1,0.45,1.5
6.742896656757267,14.296710558468437,3.4403166129298173,50,100,100,85,0,0.95,100,0.1,0.45,1.6
9.979345992335,18.478927760269716,5.091596616596432,50,100,100,85,0,0.95,100,0.1,0.45,1.7
8.250473811188076,15.990270320465996,4.209502764472593,50,100,100,85,0,0.95,100,0.1,0.45,1.8
9.294047328277559,19.889105174167586,4.741948016181837,50,100,100,85,0,0.95,100,0.1,0.45,1.9000000000000001
14.178608521218806,24.98498256606198,7.234116867992403,50,100,100,85,0,0.95,100,0.1,0.45,2
9.039636020384183,19.890599743141344,4.612143943300835,50,100,100,85,0,0.95,100,0.1,0.45,2.1
9.062265125795754,17.67707186222044,4.623689617399986,50,100,100,85,0,0.95,100,0.1,0.45,2.2
9.365931932455538,15.473437164272946,4.778624508579145,50,100,100,85,0,0.95,100,0.1,0.45,2.3000000000000003
9.496962884385047,19.47616774425775,4.8454782635272275,50,100,100,85,0,0.95,100,0.1,0.45,2.4000000000000004
9.635693291698816,18.94893426320929,4.916260384223351,50,100,100,85,0,0.95,100,0.1,0.45,2.5000000000000004
9.674821794287457,15.866523246354,4.936224272793386,50,100,100,85,0,0.95,100,0.1,0.45,2.6000000000000005
13.592107885550739,27.71626544827906,6.934876351179692,50,100,100,85,0,0.95,100,0.1,0.45,2.7
15.701101993823436,31.610865365997928,8.010913525795232,50,100,100,85,0,0.95,100,0.1,0.45,2.8000000000000003
11.375226485954087,25.194794121687035,5.803793628699519,50,100,100,85,0,0.95,100,0.1,0.45,2.9000000000000004
17.527827214505514,36.10941892744711,8.942933315490887,50,100,100,85,0,0.95,100,0.1,0.45,3.0000000000000004
13.133686176155829,20.491406102298846,6.700983426100005,50,100,100,85,0,0.95,100,0.1,0.45,3.1000000000000005
12.555565866706337,18.04165304265017,6.406018664497429,50,100,100,85,0,0.95,100,0.1,0.45,3.2
8.937869068106993,15.921151330785255,4.560221074778804,50,100,100,85,0,0.95,100,0.1,0.45,3.3000000000000003
13.548833492915884,31.649202990961275,6.912797173717148,50,100,100,85,0,0.95,100,0.1,0.45,3.4000000000000004
19.848437068495166,39.411055071442476,10.126939691268364,50,100,100,85,0,0.95,100,0.1,0.45,3.5000000000000004
15.976358374637867,26.862063686602234,8.151353035391132,50,100,100,85,0,0.95,100,0.1,0.45,3.6000000000000005
12.882862064845995,21.87827099605415,6.57300958918856,50,100,100,85,0,0.95,100,0.1,0.45,3.7
16.483091558872346,30.81349128190979,8.409895125057842,50,100,100,85,0,0.95,100,0.1,0.45,3.8000000000000003
9.422701085904581,16.856196762981718,4.8075888946070675,50,100,100,85,0,0.95,100,0.1,0.45,3.9000000000000004
17.66040503006671,28.70382699753402,9.010576301079883,50,100,100,85,0,0.95,100,0.1,0.45,4
16.31428690514795,24.03399233646987,8.32376871913615,50,100,100,85,0,0.95,100,0.1,0.45,4.1000000000000005
23.518613884944497,33.746038526137255,11.999513292313697,50,100,100,85,0,0.95,100,0.1,0.45,4.2
18.523187566551773,32.01522904927709,9.450779561594148,50,100,100,85,0,0.95,100,0.1,0.45,4.300000000000001
6.042298051076578,9.995984919036033,3.08286177640888,50,100,100,85,0,0.95,100,0.1,0.45,4.4
18.826197663581492,31.463518110049144,9.605379390682756,50,100,100,85,0,0.95,100,0.1,0.45,4.5
8.122172186127564,14.361427709983,4.144041548821418,50,100,100,85,0,0.95,100,0.1,0.45,4.6000000000000005
19.47043959813079,30.497055021758534,9.93408029520498,50,100,100,85,0,0.95,100,0.1,0.45,4.7
16.0188440442411,28.336776050490286,8.173029795749155,50,100,100,85,0,0.95,100,0.1,0.45,4.800000000000001
14.460653548471871,19.767659270452434,7.378020036355598,50,100,100,85,0,0.95,100,0.1,0.45,4.9
2.6572348539994803,9.30570075677147,1.355756980719753,50,100,100,85,0,0.95,100,0.1,0.5,0.2
3.431655827862982,10.139529383274978,1.7508769829096071,50,100,100,85,0,0.95,100,0.1,0.5,0.30000000000000004
4.098078100984937,11.130721095312683,2.090894594650746,50,100,100,85,0,0.95,100,0.1,0.5,0.4
5.103240995735752,17.59574157734546,2.6037422299539514,50,100,100,85,0,0.95,100,0.1,0.5,0.5
6.622275680030719,15.144928755894934,3.3787741674165366,50,100,100,85,0,0.95,100,0.1,0.5,0.6000000000000001
6.739324776137333,16.997950114672445,3.438494191370998,50,100,100,85,0,0.95,100,0.1,0.5,0.7
5.771874323179456,13.611890847025663,2.944887951364038,50,100,100,85,0,0.95,100,0.1,0.5,0.8
7.531771292058717,17.269977832071497,3.8428110676871454,50,100,100,85,0,0.95,100,0.1,0.5,0.9000000000000001
8.060866374866674,20.809177923009734,4.112762498928429,50,100,100,85,0,0.95,100,0.1,0.5,1
5.600053924905102,12.731779706307872,2.8572228719903086,50,100,100,85,0,0.95,100,0.1,0.5,1.1
5.75818006863658,13.116666686874995,2.937900958413711,50,100,100,85,0,0.95,100,0.1,0.5,1.2
7.040859196764873,12.598746784150107,3.592341110501148,50,100,100,85,0,0.95,100,0.1,0.5,1.3
11.541304041043825,28.164166706566835,5.888528632199448,50,100,100,85,0,0.95,100,0.1,0.5,1.4000000000000001
12.897234566672074,22.899797899787288,6.5803426330299,50,100,100,85,0,0.95,100,0.1,0.5,1.5
11.027397806216639,22.97123530967985,5.626326755593136,50,100,100,85,0,0.95,100,0.1,0.5,1.6
8.474603413271813,14.914952763428815,4.3238567035508835,50,100,100,85,0,0.95,100,0.1,0.5,1.7
8.042371136356364,15.65220388361942,4.103325979351438,50,100,100,85,0,0.95,100,0.1,0.5,1.8
14.320008853148769,28.620421010433812,7.306261220156683,50,100,100,85,0,0.95,100,0.1,0.5,1.9000000000000001
12.30816722217318,29.922039675326396,6.279792546831693,50,100,100,85,0,0.95,100,0.1,0.5,2
7.784692230682301,14.514624337071233,3.971854734110913,50,100,100,85,0,0.95,100,0.1,0.5,2.1
12.283542370788961,23.20968759144612,6.267228616280695,50,100,100,85,0,0.95,100,0.1,0.5,2.2
19.486505150947206,37.455589516670784,9.942277156444849,50,100,100,85,0,0.95,100,0.1,0.5,2.3000000000000003
8.759737176589706,14.860562148601934,4.469335786619242,50,100,100,85,0,0.95,100,0.1,0.5,2.4000000000000004
16.61816358637063,26.815727800346757,8.478810691141565,50,100,100,85,0,0.95,100,0.1,0.5,2.5000000000000004
14.67528829556431,24.328764776971422,7.487529572645779,50,100,100,85,0,0.95,100,0.1,0.5,2.6000000000000005
8.564636497139384,14.363369591859316,4.369792794508545,50,100,100,85,0,0.95,100,0.1,0.5,2.7
16.084725626916544,21.413142125270173,8.206643465793661,50,100,100,85,0,0.95,100,0.1,0.5,2.8000000000000003
15.646115438944516,27.73287555626304,7.982858645546081,50,100,100,85,0,0.95,100,0.1,0.5,2.9000000000000004
14.194397916122634,20.15497448913958,7.242172829749033,50,100,100,85,0,0.95,100,0.1,0.5,3.0000000000000004
8.111711872696478,15.637394112575125,4.138704556145229,50,100,100,85,0,0.95,100,0.1,0.5,3.1000000000000005
17.58952793720139,29.84716101875668,8.974413854512298,50,100,100,85,0,0.95,100,0.1,0.5,3.2
11.804341551181661,19.260303074526565,6.0227339095477275,50,100,100,85,0,0.95,100,0.1,0.5,3.3000000000000003
16.541606894736642,24.94524984089042,8.439750436852272,50,100,100,85,0,0.95,100,0.1,0.5,3.4000000000000004
14.896392361133875,27.25983218630595,7.600339842280123,50,100,100,85,0,0.95,100,0.1,0.5,3.5000000000000004
8.714970065858173,14.845547420085536,4.446495004296378,50,100,100,85,0,0.95,100,0.1,0.5,3.6000000000000005
37.233898866675936,56.62427989296553,18.997236255549684,50,100,100,85,0,0.95,100,0.1,0.5,3.7
12.937228643106733,21.588652993345946,6.600748149024136,50,100,100,85,0,0.95,100,0.1,0.5,3.8000000000000003
24.244716420656236,40.07539292645061,12.369980577140941,50,100,100,85,0,0.95,100,0.1,0.5,3.9000000000000004
18.421938619503713,28.8851502181914,9.399120986310777,50,100,100,85,0,0.95,100,0.1,0.5,4
30.729695801671205,36.071241303865435,15.67870432521369,50,100,100,85,0,0.95,100,0.1,0.5,4.1000000000000005
24.18894284730358,32.54518911438159,12.34152414947564,50,100,100,85,0,0.95,100,0.1,0.5,4.2
15.142270820573216,20.715071727566688,7.725790341053977,50,100,100,85,0,0.95,100,0.1,0.5,4.300000000000001
19.715798399535828,24.51108488696652,10.059265657456734,50,100,100,85,0,0.95,100,0.1,0.5,4.4
17.189864014683728,28.08674821202595,8.770499942996496,50,100,100,85,0,0.95,100,0.1,0.5,4.5
15.817411887081425,22.787101716239125,8.070256398508928,50,100,100,85,0,0.95,100,0.1,0.5,4.6000000000000005
25.07639665793391,30.939459052269303,12.7943150260583,50,100,100,85,0,0.95,100,0.1,0.5,4.7
14.085210976001022,24.257931681790716,7.18646418357856,50,100,100,85,0,0.95,100,0.1,0.5,4.800000000000001
14.116594399226448,17.893880053193676,7.202476428432535,50,100,100,85,0,0.95,100,0.1,0.5,4.9
2.282263211948243,6.7756592405620735,1.1644414029800771,50,100,100,85,0,0.95,100,0.1,0.55,0.2
3.791913394276289,9.403395073760901,1.9346852412526037,50,100,100,85,0,0.95,100,0.1,0.55,0.30000000000000004
3.830279640462183,9.260514766253214,1.954260216348331,50,100,100,85,0,0.95,100,0.1,0.55,0.4
5.357372201594346,14.265470646525896,2.7334033910074957,50,100,100,85,0,0.95,100,0.1,0.55,0.5
5.61809346034347,14.775812165488164,2.866426885727633,50,100,100,85,0,0.95,100,0.1,0.55,0.6000000000000001
4.532814659273515,8.475815185246539,2.3127030369066874,50,100,100,85,0,0.95,100,0.1,0.55,0.7
7.350831532000378,14.209293057486764,3.750493167212663,50,100,100,85,0,0.95,100,0.1,0.55,0.8
10.510152978567971,20.30748346355632,5.362421484002113,50,100,100,85,0,0.95,100,0.1,0.55,0.9000000000000001
8.20464521189438,19.400949474580187,4.186120396400942,50,100,100,85,0,0.95,100,0.1,0.55,1
10.094415407683197,25.956204667072644,5.150306580787534,50,100,100,85,0,0.95,100,0.1,0.55,1.1
13.07936390790267,23.5211895392107,6.673267473826572,50,100,100,85,0,0.95,100,0.1,0.55,1.2
12.589502558003787,25.530749752152825,6.423333621080886,50,100,100,85,0,0.95,100,0.1,0.55,1.3
14.261039000060958,31.229496103955476,7.276174007558412,50,100,100,85,0,0.95,100,0.1,0.55,1.4000000000000001
12.775078549875563,20.359567315705842,6.518016989416006,50,100,100,85,0,0.95,100,0.1,0.55,1.5
10.981667935047804,23.408656653837344,5.602994759939366,50,100,100,85,0,0.95,100,0.1,0.55,1.6
7.713857622786548,16.149822763399346,3.935713963946518,50,100,100,85,0,0.95,100,0.1,0.55,1.7
8.446972584587913,16.914566000015675,4.309759082930378,50,100,100,85,0,0.95,100,0.1,0.55,1.8
20.70414986742293,33.7952305656083,10.56353587654397,50,100,100,85,0,0.95,100,0.1,0.55,1.9000000000000001
13.574227828012571,23.50705199472007,6.925753705213131,50,100,100,85,0,0.95,100,0.1,0.55,2
18.640030089791278,31.724794118088315,9.510394189291976,50,100,100,85,0,0.95,100,0.1,0.55,2.1
20.036334732670003,33.528914778979136,10.222807608055074,50,100,100,85,0,0.95,100,0.1,0.55,2.2
10.556107047648233,20.002692059393798,5.385867868447308,50,100,100,85,0,0.95,100,0.1,0.55,2.3000000000000003
9.539351359983803,14.023608655770209,4.867105434196235,50,100,100,85,0,0.95,100,0.1,0.55,2.4000000000000004
8.490089312179919,15.683980138028645,4.331757817566374,50,100,100,85,0,0.95,100,0.1,0.55,2.5000000000000004
11.371226709449271,22.575674173022872,5.80175288890207,50,100,100,85,0,0.95,100,0.1,0.55,2.6000000000000005
23.10480843087119,44.373059078411615,11.78838418109668,50,100,100,85,0,0.95,100,0.1,0.55,2.7
9.24076029531944,12.715885679530695,4.714760254887017,50,100,100,85,0,0.95,100,0.1,0.55,2.8000000000000003
11.885948185930955,17.67638528115775,6.064370712771153,50,100,100,85,0,0.95,100,0.1,0.55,2.9000000000000004
22.33062398993445,34.26722142829462,11.393384861189064,50,100,100,85,0,0.95,100,0.1,0.55,3.0000000000000004
13.770030748354289,23.104314146595172,7.025654990076622,50,100,100,85,0,0.95,100,0.1,0.55,3.1000000000000005
20.25360194948921,24.62622044086358,10.3336602658248,50,100,100,85,0,0.95,100,0.1,0.55,3.2
22.299714089399846,25.370558844004616,11.377614213984106,50,100,100,85,0,0.95,100,0.1,0.55,3.3000000000000003
18.735608993906233,19.978624583299478,9.559159832369536,50,100,100,85,0,0.95,100,0.1,0.55,3.4000000000000004
25.830403472096197,31.913283400927433,13.179019449256785,50,100,100,85,0,0.95,100,0.1,0.55,3.5000000000000004
19.05901078313849,23.557379696037795,9.724163777229345,50,100,100,85,0,0.95,100,0.1,0.55,3.6000000000000005
19.938118356272156,36.78770481053567,10.172696291126517,50,100,100,85,0,0.95,100,0.1,0.55,3.7
10.778879942650633,15.52516040056807,5.499529597315595,50,100,100,85,0,0.95,100,0.1,0.55,3.8000000000000003
31.99201110903495,43.06129863993903,16.322754581912655,50,100,100,85,0,0.95,100,0.1,0.55,3.9000000000000004
16.597350095126068,19.240672534851377,8.468191367823005,50,100,100,85,0,0.95,100,0.1,0.55,4
8.528481279087599,8.884490873074883,4.351345915720478,50,100,100,85,0,0.95,100,0.1,0.55,4.1000000000000005
67.51321262769667,52.35780946743931,34.44614960286632,50,100,100,85,0,0.95,100,0.1,0.55,4.2
13.855608743210217,21.50835365431849,7.069318034668745,50,100,100,85,0,0.95,100,0.1,0.55,4.300000000000001
16.715139800869014,17.251287312292675,8.528289260780252,50,100,100,85,0,0.95,100,0.1,0.55,4.4
14.412127348423768,12.936511441523157,7.353261316077638,50,100,100,85,0,0.95,100,0.1,0.55,4.5
28.080061060514446,41.380938179562655,14.32682502434044,50,100,100,85,0,0.95,100,0.1,0.55,4.6000000000000005
23.808166317993138,45.26605252414973,12.147246840140388,50,100,100,85,0,0.95,100,0.1,0.55,4.7
36.07984696202331,58.56947430906608,18.408423443806388,50,100,100,85,0,0.95,100,0.1,0.55,4.800000000000001
15.98368105660004,25.838027125400405,8.155089166269011,50,100,100,85,0,0.95,100,0.1,0.55,4.9
3.311873447866176,8.488260682689322,1.6897624007327743,50,100,100,85,0,0.95,100,0.1,0.6,0.2
4.368966905441668,11.403435011917287,2.229105708014801,50,100,100,85,0,0.95,100,0.1,0.6,0.30000000000000004
6.404187689313067,14.073377859687985,3.267502739758732,50,100,100,85,0,0.95,100,0.1,0.6,0.4
5.602887970955988,14.870175183333886,2.8586688404230145,50,100,100,85,0,0.95,100,0.1,0.6,0.5
5.980803730591918,10.902314704946622,3.0514865465731695,50,100,100,85,0,0.95,100,0.1,0.6,0.6000000000000001
6.718788254146292,14.465290792776946,3.4280161814927403,50,100,100,85,0,0.95,100,0.1,0.6,0.7
9.36862566376267,20.083093128632424,4.7799988865413825,50,100,100,85,0,0.95,100,0.1,0.6,0.8
6.280586147285392,10.417879558179443,3.204439569719574,50,100,100,85,0,0.95,100,0.1,0.6,0.9000000000000001
9.892335533791329,23.6416837564294,5.0472027097542655,50,100,100,85,0,0.95,100,0.1,0.6,1
6.98362410443783,11.875734810386193,3.5631389961875657,50,100,100,85,0,0.95,100,0.1,0.6,1.1
13.063036823945856,22.581620280678077,6.6649371758794675,50,100,100,85,0,0.95,100,0.1,0.6,1.2
8.484442479742905,14.421516157872093,4.3288767276680105,50,100,100,85,0,0.95,100,0.1,0.6,1.3
11.085451946209755,24.83819998643352,5.655946759047812,50,100,100,85,0,0.95,100,0.1,0.6,1.4000000000000001
19.13601230888225,36.612589362413516,9.763450991867542,50,100,100,85,0,0.95,100,0.1,0.6,1.5
13.718157238982977,21.52879100232721,6.999188427537471,50,100,100,85,0,0.95,100,0.1,0.6,1.6
14.344305048276206,28.357002222349205,7.318657465862769,50,100,100,85,0,0.95,100,0.1,0.6,1.7
18.097755543071468,28.86096310465437,9.233718418207811,50,100,100,85,0,0.95,100,0.1,0.6,1.8
8.195096563985269,14.82672444299291,4.181248547742277,50,100,100,85,0,0.95,100,0.1,0.6,1.9000000000000001
10.851706121117546,16.516345597087685,5.536686493585811,50,100,100,85,0,0.95,100,0.1,0.6,2
13.93493459824449,26.310597496409855,7.109791153389286,50,100,100,85,0,0.95,100,0.1,0.6,2.1
19.078079407849412,39.838496045915754,9.733892846161904,50,100,100,85,0,0.95,100,0.1,0.6,2.2
12.736075115237387,20.01392318792083,6.498116912197328,50,100,100,85,0,0.95,100,0.1,0.6,2.3000000000000003
15.065458565445834,22.145844668470744,7.686599694831257,50,100,100,85,0,0.95,100,0.1,0.6,2.4000000000000004
54.68377981491808,51.46283616792971,27.90040033707597,50,100,100,85,0,0.95,100,0.1,0.6,2.5000000000000004
7.614520400771268,14.56951758018799,3.8850307765008103,50,100,100,85,0,0.95,100,0.1,0.6,2.6000000000000005
12.703316053131006,21.226835096229337,6.481402797874422,50,100,100,85,0,0.95,100,0.1,0.6,2.7
30.208225666215398,23.804662866054983,15.412643244719817,50,100,100,85,0,0.95,100,0.1,0.6,2.8000000000000003
6.131339433070516,8.901012157848983,3.128291887725356,50,100,100,85,0,0.95,100,0.1,0.6,2.9000000000000004
17.8123692287542,26.612059538955577,9.088110480221012,50,100,100,85,0,0.95,100,0.1,0.6,3.0000000000000004
8.824329434571254,13.457686984479924,4.502291625854577,50,100,100,85,0,0.95,100,0.1,0.6,3.1000000000000005
16.177902010741835,20.506257009535712,8.254183310688902,50,100,100,85,0,0.95,100,0.1,0.6,3.2
17.00771366026669,26.25546709270571,8.677564380989327,50,100,100,85,0,0.95,100,0.1,0.6,3.3000000000000003
12.20602657330902,16.663104676406693,6.227679013282183,50,100,100,85,0,0.95,100,0.1,0.6,3.4000000000000004
16.896369745699214,21.674341027554988,8.620755217430332,50,100,100,85,0,0.95,100,0.1,0.6,3.5000000000000004
6.5691416064470465,5.901588146057267,3.3516644480529223,50,100,100,85,0,0.95,100,0.1,0.6,3.6000000000000005
19.903603698030942,26.91906035873365,10.155086448030692,50,100,100,85,0,0.95,100,0.1,0.6,3.7
18.191795400430745,22.085867776879375,9.28169881891979,50,100,100,85,0,0.95,100,0.1,0.6,3.8000000000000003
31.805790723914384,41.527635222610215,16.22774243547045,50,100,100,85,0,0.95,100,0.1,0.6,3.9000000000000004
16.489973470768934,28.31236224875853,8.413406369116853,50,100,100,85,0,0.95,100,0.1,0.6,4
16.44419269678365,20.06076663150586,8.390048402161133,50,100,100,85,0,0.95,100,0.1,0.6,4.1000000000000005
10.494556717549205,13.89717538520522,5.354464061752629,50,100,100,85,0,0.95,100,0.1,0.6,4.2
32.04632056535263,39.67304790214351,16.350463997364198,50,100,100,85,0,0.95,100,0.1,0.6,4.300000000000001
12.928388225843253,18.890179985266546,6.5962376491714805,50,100,100,85,0,0.95,100,0.1,0.6,4.4
26.610128081806092,37.326264898376486,13.576845437826098,50,100,100,85,0,0.95,100,0.1,0.6,4.5
20.450465345425147,23.929453361822635,10.434102619607202,50,100,100,85,0,0.95,100,0.1,0.6,4.6000000000000005
78.81791448283973,61.419790985309994,40.213960615881405,50,100,100,85,0,0.95,100,0.1,0.6,4.7
22.940269717502154,24.28790003172017,11.70443431535073,50,100,100,85,0,0.95,100,0.1,0.6,4.800000000000001
107.82820200084639,84.63218965249193,55.015399696821724,50,100,100,85,0,0.95,100,0.1,0.6,4.9